SampleID,Source_ID,Sample_or_Control,Age,Taxonomic_ID,ParentLot,WildMonth,RecYear,PairedParent,AnimalSource,SourceCollector,Type_of_Source,JGL_EventID,csv_DateCollect,Sample_Collector,Sample_Type,Date1stFeed,Date2ndFeed,Da1F,Da2F,Meal,MealLot1,MealLot2,Project_Name,Treatment,Kit_Name,Lot_Number,csv_dateDNAextract,DNA_extractor,Qubit,Taq_Name,Taq_Lot,PCR_Experimenter,csv_PCRDate,PostPCR_QuantMethod,PostPCRDNA_ng_uL,Run_ID,Gene_Name,Amplicon_Size,Primers_Used
A0dF081314EMbID,A0dF081314EMb,Sample,A,Hverbana,USA092513F,,2013,A0dF081314EMb,USA,McClureE,Animal,AnaFeed2014_0813,2014_0813,McClureE,ILF,8/13/14,,0,none,NA,none,NA,NIH_Leech_Microbiome,Control,EMbeat ,101513EM071514,2014_0819,McClureE,12,Phusion,10010076,McClureE,2018_1105,Qubit,2.47,181109_M03075_0240_000000000-C2NFM,16Sv4,287,519F/806R
A0dF081314EMcID,A0dF081314EMc,Sample,A,Hverbana,USA092513F,,2013,A0dF081314EMc,USA,McClureE,Animal,AnaFeed2014_0813,2014_0813,McClureE,ILF,8/13/14,,0,none,NA,none,NA,NIH_Leech_Microbiome,Control,EMbeat ,101513EM071514,2014_0819,McClureE,9.14,Phusion,10010076,McClureE,2018_1105,Qubit,4.03,181109_M03075_0240_000000000-C2NFM,16Sv4,287,519F/806R
A0dF081314EMeID,A0dF081314EMe,Sample,A,Hverbana,USA092513F,,2013,A0dF081314EMe,USA,McClureE,Animal,AnaFeed2014_0813,2014_0813,McClureE,ILF,8/13/14,,0,none,NA,none,NA,NIH_Leech_Microbiome,Control,EMbeat ,101513EM071514,2014_0819,McClureE,12,Phusion,10010076,McClureE,2018_1105,Qubit,3.45,181109_M03075_0240_000000000-C2NFM,16Sv4,287,519F/806R
BAa2dF110414EMc-iD252,BAa2dF110414EMc,Sample,A,Hverbana,BBEZ091014,,2014,BAa2dF110414EMc,BBEZ,McClureE,Animal,BBEZadults2014_1104,2014_1104,McClureE,ILF,2/14/11,none,2,none,sBlood,14K20708,none,NIH_Leech_Microbiome,BBEZadults,EMbeat ,121214EM020415,2015_0325,LinA,4.07,Phusion,271607,McClureE,2016_1222,QIAxcel,0.51,161223_M03075_0094_000000000-ARN4N,16Sv4,287,519F/806R
BAa4dF110614EMaID23,BAa4dF110614EMa,Sample,A,Hverbana,BBEZ091014,,2014,BAa4dF110614EMa,BBEZ,McClureE,Animal,BBEZadults2014_1106,2014_1106,McClureE,ILF,2/14/11,none,4,none,sBlood,14K20708,none,NIH_Leech_Microbiome,BBEZadults,EMbeat ,121214EM032715,2015_0408,LinA,11.7,Phusion,181405,McClureE,2015_0410,QIAxcel,1.8,150417_M00704_0034_000000000-AELUC,16Sv4,287,519F/806R
BAa4dF110614EMbID24,BAa4dF110614EMb,Sample,A,Hverbana,BBEZ091014,,2014,BAa4dF110614EMb,BBEZ,McClureE,Animal,BBEZadults2014_1106,2014_1106,McClureE,ILF,2/14/11,none,4,none,sBlood,14K20708,none,NIH_Leech_Microbiome,BBEZadults,EMbeat ,121214EM032715,2015_0408,LinA,21.4,Phusion,181405,McClureE,2015_0410,QIAxcel,0.82,150417_M00704_0034_000000000-AELUC,16Sv4,287,519F/806R
BAa7dF110914EMaID5,BAa7dF110914EMa,Sample,A,Hverbana,BBEZ091014,,2014,BAa7dF110914EMa,BBEZ,McClureE,Animal,BBEZadults2014_1109,2014_1109,McClureE,ILF,2/14/11,none,7,none,sBlood,14K20708,none,NIH_Leech_Microbiome,BBEZadults,EMbeat ,121214EM032715,2015_0413,LinA,20.7,Phusion,181405,McClureE,2015_0417,QIAxcel,3.46,150505_M00704_0036_000000000-AF8HF,16Sv4,287,519F/806R
BAa7dF110914EMbID4,BAa7dF110914EMb,Sample,A,Hverbana,BBEZ091014,,2014,BAa7dF110914EMb,BBEZ,McClureE,Animal,BBEZadults2014_1109,2014_1109,McClureE,ILF,2/14/11,none,7,none,sBlood,14K20708,none,NIH_Leech_Microbiome,BBEZadults,EMbeat ,121214EM032715,2015_0413,LinA,23.7,Phusion,181405,McClureE,2015_0417,QIAxcel,1.77,150505_M00704_0036_000000000-AF8HF,16Sv4,287,519F/806R
BAa7dF110914EMcID14,BAa7dF110914EMc,Sample,A,Hverbana,BBEZ091014,,2014,BAa7dF110914EMc,BBEZ,McClureE,Animal,BBEZadults2014_1109,2014_1109,McClureE,ILF,2/14/11,none,7,none,sBlood,14K20708,none,NIH_Leech_Microbiome,BBEZadults,EMbeat ,121214EM032715,2015_0413,LinA,10.7,Phusion,181405,McClureE,2015_0417,QIAxcel,0.37,150505_M00704_0036_000000000-AF8HF,16Sv4,287,519F/806R
BAa0d2F020415EMaID88,BAa0d2F020415EMa,Sample,A,Hverbana,BBEZ091014,,2014,BAa0d2F020415EMa,BBEZ,McClureE,Animal,BBEZadults2015_0204,2015_0204,McClureE,ILF,2/14/11,4/15/02,94,0,sBlood,14K20708,15B52072,NIH_Leech_Microbiome,BBEZadults,EMbeat ,121214EM020415,2015_0225,LinA,0.605,Phusion,181405,McClureE,2015_0417,QIAxcel,3.21,150505_M00704_0036_000000000-AF8HF,16Sv4,287,519F/806R
BAa0d2F020415EMbID18,BAa0d2F020415EMb,Sample,A,Hverbana,BBEZ091014,,2014,BAa0d2F020415EMb,BBEZ,McClureE,Animal,BBEZadults2015_0204,2015_0204,McClureE,ILF,2/14/11,4/15/02,94,0,sBlood,14K20708,15B52072,NIH_Leech_Microbiome,BBEZadults,EMbeat ,121214EM020415,2015_0227,LinA,12.5,Phusion,181405,McClureE,2015_0410,QIAxcel,0.4,150417_M00704_0034_000000000-AELUC,16Sv4,287,519F/806R
BAa0d2F020415EMcID39,BAa0d2F020415EMc,Sample,A,Hverbana,BBEZ091014,,2014,BAa0d2F020415EMc,BBEZ,McClureE,Animal,BBEZadults2015_0204,2015_0204,McClureE,ILF,2/14/11,4/15/02,94,0,sBlood,14K20708,15B52072,NIH_Leech_Microbiome,BBEZadults,EMbeat ,121214EM020415,2015_0225,LinA,1.55,Phusion,181405,McClureE,2015_0417,QIAxcel,2.45,150505_M00704_0036_000000000-AF8HF,16Sv4,287,519F/806R
BAa2d2F020615EMaID74,BAa2d2F020615EMa,Sample,A,Hverbana,BBEZ091014,,2014,BAa2d2F020615EMa,BBEZ,McClureE,Animal,BBEZadults2015_0206,2015_0206,McClureE,ILF,2/14/11,4/15/02,96,2,sBlood,14K20708,15B52072,NIH_Leech_Microbiome,BBEZadults,EMbeat ,121214EM020415,2015_0227,LinA,0.756,Phusion,181405,McClureE,2015_0417,QIAxcel,2.62,150505_M00704_0036_000000000-AF8HF,16Sv4,287,519F/806R
BAa2d2F020615EMbID19,BAa2d2F020615EMb,Sample,A,Hverbana,BBEZ091014,,2014,BAa2d2F020615EMb,BBEZ,McClureE,Animal,BBEZadults2015_0206,2015_0206,McClureE,ILF,2/14/11,4/15/02,96,2,sBlood,14K20708,15B52072,NIH_Leech_Microbiome,BBEZadults,EMbeat ,121214EM020415,2015_0220,LinA,2.83,Phusion,181405,McClureE,2015_0410,QIAxcel,1.7,150417_M00704_0034_000000000-AELUC,16Sv4,287,519F/806R
BAa2d2F020615EMcID101,BAa2d2F020615EMc,Sample,A,Hverbana,BBEZ091014,,2014,BAa2d2F020615EMc,BBEZ,McClureE,Animal,BBEZadults2015_0206,2015_0206,McClureE,ILF,2/14/11,4/15/02,96,2,sBlood,14K20708,15B52072,NIH_Leech_Microbiome,BBEZadults,EMbeat ,121214EM020415,2015_0227,LinA,4.58,Phusion,181405,McClureE,2015_0420,QIAxcel,2.05,150505_M00704_0036_000000000-AF8HF,16Sv4,287,519F/806R
BAa7d2F021115EMaID49,BAa7d2F021115EMa,Sample,A,Hverbana,BBEZ091014,,2014,BAa7d2F021115EMa,BBEZ,McClureE,Animal,BBEZadults2015_0211,2015_0211,McClureE,ILF,2/14/11,4/15/02,101,7,sBlood,14K20708,15B52072,NIH_Leech_Microbiome,BBEZadults,EMbeat ,121214EM020415,2015_0213,LinA,1.15,Phusion,181405,McClureE,2015_0417,QIAxcel,1.97,150505_M00704_0036_000000000-AF8HF,16Sv4,287,519F/806R
BAa7d2F021115EMbID61,BAa7d2F021115EMb,Sample,A,Hverbana,BBEZ091014,,2014,BAa7d2F021115EMb,BBEZ,McClureE,Animal,BBEZadults2015_0211,2015_0211,McClureE,ILF,2/14/11,4/15/02,101,7,sBlood,14K20708,15B52072,NIH_Leech_Microbiome,BBEZadults,EMbeat ,121214EM020415,2015_0213,LinA,0.955,Phusion,181405,McClureE,2015_0417,QIAxcel,3.5,150505_M00704_0036_000000000-AF8HF,16Sv4,287,519F/806R
BAa7d2F021115EMcID83,BAa7d2F021115EMc,Sample,A,Hverbana,BBEZ091014,,2014,BAa7d2F021115EMc,BBEZ,McClureE,Animal,BBEZadults2015_0211,2015_0211,McClureE,ILF,2/14/11,4/15/02,101,7,sBlood,14K20708,15B52072,NIH_Leech_Microbiome,BBEZadults,EMbeat ,121214EM020415,2015_0213,LinA,0.639,Phusion,181405,McClureE,2015_0417,QIAxcel,3.85,150505_M00704_0036_000000000-AF8HF,16Sv4,287,519F/806R
Ba2dF110814EMa-iD249,Ba2dF110814EMa,Sample,A,Hverbana,BBEZ091014,,2014,Ba2dF110814EMa,BBEZ,McClureE,Animal,BBEZcontrol2014_1108,2014_1108,McClureE,ILF,6/14/11,none,2,none,sBlood,14L52084,none,NIH_Leech_Microbiome,BBEZcontrol,EMbeat ,121214EM020415,2015_0323,LinA,38,Phusion,271607,McClureE,2016_1222,QIAxcel,0.13,161223_M03075_0094_000000000-ARN4N,16Sv4,287,519F/806R
Ba2dF110814EMb-iD250,Ba2dF110814EMb,Sample,A,Hverbana,BBEZ091014,,2014,Ba2dF110814EMb,BBEZ,McClureE,Animal,BBEZcontrol2014_1108,2014_1108,McClureE,ILF,6/14/11,none,2,none,sBlood,14L52084,none,NIH_Leech_Microbiome,BBEZcontrol,EMbeat ,121214EM032715,2015_0408,LinA,19.2,Phusion,271607,McClureE,2016_1222,QIAxcel,0.25,161223_M03075_0094_000000000-ARN4N,16Sv4,287,519F/806R
Ba2dF110814EMcID72,Ba2dF110814EMc,Sample,A,Hverbana,BBEZ091014,,2014,Ba2dF110814EMc,BBEZ,McClureE,Animal,BBEZcontrol2014_1108,2014_1108,McClureE,ILF,6/14/11,none,2,none,sBlood,14L52084,none,NIH_Leech_Microbiome,BBEZcontrol,EMbeat ,121214EM020415,2015_0330,LinA,0.782,Phusion,181405,McClureE,2015_0417,QIAxcel,2.49,150505_M00704_0036_000000000-AF8HF,16Sv4,287,519F/806R
Ba4dF111014EMaID15,Ba4dF111014EMa,Sample,A,Hverbana,BBEZ091014,,2014,Ba4dF111014EMa,BBEZ,McClureE,Animal,BBEZcontrol2014_1110,2014_1110,McClureE,ILF,6/14/11,none,4,none,sBlood,14L52084,none,NIH_Leech_Microbiome,BBEZcontrol,EMbeat ,121214EM032715,2015_0401,LinA,5.62,Phusion,181405,McClureE,2015_0410,QIAxcel,3.95,150417_M00704_0034_000000000-AELUC,16Sv4,287,519F/806R
Ba4dF111014EMbID16,Ba4dF111014EMb,Sample,A,Hverbana,BBEZ091014,,2014,Ba4dF111014EMb,BBEZ,McClureE,Animal,BBEZcontrol2014_1110,2014_1110,McClureE,ILF,6/14/11,none,4,none,sBlood,14L52084,none,NIH_Leech_Microbiome,BBEZcontrol,EMbeat ,121214EM020415,2015_0325,LinA,16.7,Phusion,181405,McClureE,2015_0410,QIAxcel,1.83,150417_M00704_0034_000000000-AELUC,16Sv4,287,519F/806R
Ba4dF111014EMcID17,Ba4dF111014EMc,Sample,A,Hverbana,BBEZ091014,,2014,Ba4dF111014EMc,BBEZ,McClureE,Animal,BBEZcontrol2014_1110,2014_1110,McClureE,ILF,6/14/11,none,4,none,sBlood,14L52084,none,NIH_Leech_Microbiome,BBEZcontrol,EMbeat ,121214EM020415,2015_0325,LinA,16.9,Phusion,181405,McClureE,2015_0410,QIAxcel,0.65,150417_M00704_0034_000000000-AELUC,16Sv4,287,519F/806R
Ba7dF111314EMaID84,Ba7dF111314EMa,Sample,A,Hverbana,BBEZ091014,,2014,Ba7dF111314EMa,BBEZ,McClureE,Animal,BBEZcontrol2014_1113,2014_1113,McClureE,ILF,6/14/11,none,7,none,sBlood,14L52084,none,NIH_Leech_Microbiome,BBEZcontrol,EMbeat ,121214EM032715,2015_0413,LinA,0.634,Phusion,181405,McClureE,2015_0417,QIAxcel,1.68,150505_M00704_0036_000000000-AF8HF,16Sv4,287,519F/806R
Ba7dF111314EMbID22,Ba7dF111314EMb,Sample,A,Hverbana,BBEZ091014,,2014,Ba7dF111314EMb,BBEZ,McClureE,Animal,BBEZcontrol2014_1113,2014_1113,McClureE,ILF,6/14/11,none,7,none,sBlood,14L52084,none,NIH_Leech_Microbiome,BBEZcontrol,EMbeat ,121214EM032715,2015_0413,LinA,2.86,Phusion,181405,McClureE,2015_0417,QIAxcel,0.37,150505_M00704_0036_000000000-AF8HF,16Sv4,287,519F/806R
Ba7dF111314EMcID16,Ba7dF111314EMc,Sample,A,Hverbana,BBEZ091014,,2014,Ba7dF111314EMc,BBEZ,McClureE,Animal,BBEZcontrol2014_1113,2014_1113,McClureE,ILF,6/14/11,none,7,none,sBlood,14L52084,none,NIH_Leech_Microbiome,BBEZcontrol,EMbeat ,121214EM032715,2015_0413,LinA,6.71,Phusion,181405,McClureE,2015_0417,QIAxcel,1.49,150505_M00704_0036_000000000-AF8HF,16Sv4,287,519F/806R
Ba0d2F020415EMaID56,Ba0d2F020415EMa,Sample,A,Hverbana,BBEZ091014,,2014,Ba0d2F020415EMa,BBEZ,McClureE,Animal,BBEZcontrol2015_0204,2015_0204,McClureE,ILF,6/14/11,4/15/02,94,0,sBlood,14L52084,15B52072,NIH_Leech_Microbiome,BBEZcontrol,EMbeat ,121214EM020415,2015_0227,LinA,0.998,Phusion,181405,McClureE,2015_0417,QIAxcel,1.31,150505_M00704_0036_000000000-AF8HF,16Sv4,287,519F/806R
Ba0d2F020415EMbID8,Ba0d2F020415EMb,Sample,A,Hverbana,BBEZ091014,,2014,Ba0d2F020415EMb,BBEZ,McClureE,Animal,BBEZcontrol2015_0204,2015_0204,McClureE,ILF,6/14/11,4/15/02,94,0,sBlood,14L52084,15B52072,NIH_Leech_Microbiome,BBEZcontrol,EMbeat ,121214EM020415,2015_0302,LinA,3.92,Phusion,181405,McClureE,2015_0410,QIAxcel,3.09,150417_M00704_0034_000000000-AELUC,16Sv4,287,519F/806R
Ba0d2F020415EMcID9,Ba0d2F020415EMc,Sample,A,Hverbana,BBEZ091014,,2014,Ba0d2F020415EMc,BBEZ,McClureE,Animal,BBEZcontrol2015_0204,2015_0204,McClureE,ILF,6/14/11,4/15/02,94,0,sBlood,14L52084,15B52072,NIH_Leech_Microbiome,BBEZcontrol,EMbeat ,121214EM020415,2015_0227,LinA,7.41,Phusion,181405,McClureE,2015_0410,QIAxcel,0.93,150417_M00704_0034_000000000-AELUC,16Sv4,287,519F/806R
Ba2d2F020615EMaID35,Ba2d2F020615EMa,Sample,A,Hverbana,BBEZ091014,,2014,Ba2d2F020615EMa,BBEZ,McClureE,Animal,BBEZcontrol2015_0206,2015_0206,McClureE,ILF,6/14/11,4/15/02,96,2,sBlood,14L52084,15B52072,NIH_Leech_Microbiome,BBEZcontrol,EMbeat ,121214EM020415,2015_0220,LinA,3.68,Phusion,181405,McClureE,2015_0417,QIAxcel,1.18,150505_M00704_0036_000000000-AF8HF,16Sv4,287,519F/806R
Ba2d2F020615EMbID34,Ba2d2F020615EMb,Sample,A,Hverbana,BBEZ091014,,2014,Ba2d2F020615EMb,BBEZ,McClureE,Animal,BBEZcontrol2015_0206,2015_0206,McClureE,ILF,6/14/11,4/15/02,96,2,sBlood,14L52084,15B52072,NIH_Leech_Microbiome,BBEZcontrol,EMbeat ,121214EM020415,2015_0225,LinA,1.91,Phusion,181405,McClureE,2015_0417,QIAxcel,0.82,150505_M00704_0036_000000000-AF8HF,16Sv4,287,519F/806R
Ba2d2F020615EMcID12,Ba2d2F020615EMc,Sample,A,Hverbana,BBEZ091014,,2014,Ba2d2F020615EMc,BBEZ,McClureE,Animal,BBEZcontrol2015_0206,2015_0206,McClureE,ILF,6/14/11,4/15/02,96,2,sBlood,14L52084,15B52072,NIH_Leech_Microbiome,BBEZcontrol,EMbeat ,121214EM020415,2015_0220,LinA,1.78,Phusion,181405,McClureE,2015_0410,QIAxcel,0.44,150417_M00704_0034_000000000-AELUC,16Sv4,287,519F/806R
Ba7d2F021115EMbID82,Ba7d2F021115EMb,Sample,A,Hverbana,BBEZ091014,,2014,Ba7d2F021115EMb,BBEZ,McClureE,Animal,BBEZcontrol2015_0211,2015_0211,McClureE,ILF,6/14/11,4/15/02,101,7,sBlood,14L52084,15B52072,NIH_Leech_Microbiome,BBEZcontrol,EMbeat ,121214EM020415,2015_0213,LinA,0.647,Phusion,181405,McClureE,2015_0417,QIAxcel,2.89,150505_M00704_0036_000000000-AF8HF,16Sv4,287,519F/806R
Ba7d2F021115EMcID81,Ba7d2F021115EMc,Sample,A,Hverbana,BBEZ091014,,2014,Ba7d2F021115EMc,BBEZ,McClureE,Animal,BBEZcontrol2015_0211,2015_0211,McClureE,ILF,6/14/11,4/15/02,101,7,sBlood,14L52084,15B52072,NIH_Leech_Microbiome,BBEZcontrol,EMbeat ,121214EM020415,2015_0211,LinA,0.68,Phusion,181405,McClureE,2015_0417,QIAxcel,2.25,150505_M00704_0036_000000000-AF8HF,16Sv4,287,519F/806R
NegPCREM022719EMa1004,NegPCREM022719EMa,Control,G,none,NA,,,,NA,McClureE,Reagents,NegPCRem2019,2019_0227,McClureE,PCRneg,NA,NA,NA,NA,NA,NA,NA,Controls,Blank,NA,,NA,NA,NA,Phusion,10010076,McClureE,2019_0227,QIAxcel,0,,16Sv4,287,519F/806R
NegPCREM022719EMb1053,NegPCREM022719EMb,Control,G,none,NA,,,,NA,McClureE,Reagents,NegPCRem2019,2019_0227,McClureE,PCRneg,NA,NA,NA,NA,NA,NA,NA,Controls,Blank,NA,,NA,NA,NA,Phusion,10010076,McClureE,2019_0227,QIAxcel,0,,16Sv4,287,519F/806R
NegPCREM022719EMc1092,NegPCREM022719EMc,Control,G,none,NA,,,,NA,McClureE,Reagents,NegPCRem2019,2019_0227,McClureE,PCRneg,NA,NA,NA,NA,NA,NA,NA,Controls,Blank,NA,,NA,NA,NA,Phusion,10010076,McClureE,2019_0227,QIAxcel,Unk,,16Sv4,287,519F/806R
NegPCREM041819a869,NegPCREM041819a,NegControl,G,none,NA,,,,NA,McClureE,Reagents,NegPCRem2019,2019_0418,McClureE,PCRneg,NA,NA,NA,NA,NA,NA,NA,Controls,Blank,none,none,none,none,none,Phusion,,McClureE,2019_0418,QIAxcel,0,190506_M03075_0299_000000000-BYC2C,16Sv4,287,519F/806R
NegPCREM050219a1120,NegPCREM050219a,NegControl,G,none,NA,,,,NA,McClureE,Reagents,NegPCRem2019,2019_0502,McClureE,PCRneg,NA,NA,NA,NA,NA,NA,NA,Controls,Blank,none,none,none,none,none,Phusion,,McClureE,2019_0502,QIAxcel,0,190506_M03075_0299_000000000-BYC2C,16Sv4,287,519F/806R
NegPCREM050219b1164,NegPCREM050219b,NegControl,G,none,NA,,,,NA,McClureE,Reagents,NegPCRem2019,2019_0502,McClureE,PCRneg,NA,NA,NA,NA,NA,NA,NA,Controls,Blank,none,none,none,none,none,Phusion,,McClureE,2019_0502,QIAxcel,0,190506_M03075_0299_000000000-BYC2C,16Sv4,287,519F/806R
NegPCREM050219c468,NegPCREM050219c,NegControl,G,none,NA,,,,NA,McClureE,Reagents,NegPCRem2019,2019_0502,McClureE,PCRneg,NA,NA,NA,NA,NA,NA,NA,Controls,Blank,none,none,none,none,none,Phusion,,McClureE,2019_0502,QIAxcel,0,190506_M03075_0299_000000000-BYC2C,16Sv4,287,519F/806R
NegPCREM060718823,NegPCREM060718,NegControl,G,none,NA,,,,NA,McClureE,Reagents,NegPCRem2018,2018_0607,McClureE,PCRneg,NA,NA,NA,NA,NA,NA,NA,Controls,Blank,,,NA,NA,NA,Phusion,271607,McClureE,2018_0607,QIAxcel,0,180608_M03075_0212_000000000-BNRVR,16Sv4,287,519F/806R
NegPCREM110518a988,NegPCREM110518a,NegControl,G,none,NA,,,,NA,McClureE,Reagents,NegPCRem2018,2018_0227,McClureE,PCRneg,NA,NA,NA,NA,NA,NA,NA,Controls,Blank,NA,,NA,NA,NA,Phusion,10010076,McClureE,2018_1105,QIAxcel,1.87,181109_M03075_0240_000000000-C2NFM,16Sv4,287,519F/806R
NegPCREM110518b927,NegPCREM110518b,NegControl,G,none,NA,,,,NA,McClureE,Reagents,NegPCRem2018,2018_0227,McClureE,PCRneg,NA,NA,NA,NA,NA,NA,NA,Controls,Blank,NA,,NA,NA,NA,Phusion,10010076,McClureE,2018_1105,QIAxcel,1.38,181109_M03075_0240_000000000-C2NFM,16Sv4,287,519F/806R
NegPCREM110518d906,NegPCREM110518d,NegControl,G,none,NA,,,,NA,McClureE,Reagents,NegPCRem2018,2018_0227,McClureE,PCRneg,NA,NA,NA,NA,NA,NA,NA,Controls,Blank,NA,,NA,NA,NA,Phusion,10010076,McClureE,2018_1105,QIAxcel,3.18,181109_M03075_0240_000000000-C2NFM,16Sv4,287,519F/806R
NegPCREM121516-307,NegPCREM121516-307,NegControl,G,none,NA,,,,NA,McClureE,Reagents,NegPCRem2016,2016_1215,McClureE,PCRneg,NA,NA,NA,NA,NA,NA,NA,Controls,Blank,,,NA,NA,NA,Phusion,271607,McClureE,2016_1215,QIAxcel,0,161223_M03075_0094_000000000-ARN4N,16Sv4,287,519F/806R
A081714EMa-iD279,A081714EMa,Sample,A,Hverbana,USA092513F,,2013,A081714EMa,USA,McClureE,Animal,UChatch2014_0817,2014_0817,McClureE,ILF,none,none,0,none,sBlood,none,none,NIH_Leech_Microbiome,Control,EMbeat ,,2014_0909,LinA,16.1,Phusion,271607,McClureE,2016_1222,QIAxcel,3.02,161223_M03075_0094_000000000-ARN4N,16Sv4,287,519F/806R
A081714EMb-iD280,A081714EMb,Sample,A,Hverbana,USA092513F,,2013,A081714EMb,USA,McClureE,Animal,UChatch2014_0817,2014_0817,McClureE,ILF,none,none,0,none,sBlood,none,none,NIH_Leech_Microbiome,Control,EMbeat ,101513EM071514,2014_0916,LinA,14.8,Phusion,271607,McClureE,2016_1222,QIAxcel,5.36,161223_M03075_0094_000000000-ARN4N,16Sv4,287,519F/806R
A081714EMc-iD281,A081714EMc,Sample,A,Hverbana,USA092513F,,2013,A081714EMc,USA,McClureE,Animal,UChatch2014_0817,2014_0817,McClureE,ILF,none,none,0,none,sBlood,none,none,NIH_Leech_Microbiome,Control,EMbeat ,,2014_0909,LinA,14.8,Phusion,271607,McClureE,2016_1222,QIAxcel,2.42,161223_M03075_0094_000000000-ARN4N,16Sv4,287,519F/806R
A081714EMd-iD282,A081714EMd,Sample,A,Hverbana,USA092513F,,2013,A081714EMd,USA,McClureE,Animal,UChatch2014_0817,2014_0817,McClureE,ILF,none,none,0,none,sBlood,none,none,NIH_Leech_Microbiome,Control,EMbeat ,,2014_0911,LinA,18,Phusion,271607,McClureE,2016_1222,QIAxcel,4.42,161223_M03075_0094_000000000-ARN4N,16Sv4,287,519F/806R
A081714EMe-iD283,A081714EMe,Sample,A,Hverbana,USA092513F,,2013,A081714EMe,USA,McClureE,Animal,UChatch2014_0817,2014_0817,McClureE,ILF,none,none,0,none,sBlood,none,none,NIH_Leech_Microbiome,Control,EMbeat ,,2014_0909,LinA,22.5,Phusion,271607,McClureE,2016_1222,QIAxcel,5.89,161223_M03075_0094_000000000-ARN4N,16Sv4,287,519F/806R
A081714EMf-iD284,A081714EMf,Sample,A,Hverbana,USA092513F,,2013,A081714EMf,USA,McClureE,Animal,UChatch2014_0817,2014_0817,McClureE,ILF,none,none,0,none,sBlood,none,none,NIH_Leech_Microbiome,Control,EMbeat ,,2014_0909,LinA,5.43,Phusion,271607,McClureE,2016_1222,QIAxcel,3.59,161223_M03075_0094_000000000-ARN4N,16Sv4,287,519F/806R
A081814EMg-iD285,A081814EMg,Sample,A,Hverbana,USA092513F,,2013,A081814EMg,USA,McClureE,Animal,UChatch2014_0818,2014_0818,McClureE,ILF,none,none,0,none,sBlood,none,none,NIH_Leech_Microbiome,Control,EMbeat ,,2014_0914,McClureE,20,Phusion,271607,McClureE,2016_1222,QIAxcel,6.9,161223_M03075_0094_000000000-ARN4N,16Sv4,287,519F/806R
A081814EMh-iD286,A081814EMh,Sample,A,Hverbana,USA092513F,,2013,A081814EMh,USA,McClureE,Animal,UChatch2014_0818,2014_0818,McClureE,ILF,none,none,0,none,sBlood,none,none,NIH_Leech_Microbiome,Control,EMbeat ,,2014_0914,McClureE,17.7,Phusion,271607,McClureE,2016_1222,QIAxcel,6.38,161223_M03075_0094_000000000-ARN4N,16Sv4,287,519F/806R
A081814EMi-iD287,A081814EMi,Sample,A,Hverbana,USA092513F,,2013,A081814EMi,USA,McClureE,Animal,UChatch2014_0818,2014_0818,McClureE,ILF,none,none,0,none,sBlood,none,none,NIH_Leech_Microbiome,Control,EMbeat ,,2014_0914,McClureE,24,Phusion,271607,McClureE,2016_1222,QIAxcel,3.34,161223_M03075_0094_000000000-ARN4N,16Sv4,287,519F/806R
A0dF091814EMaID,A0dF091814EMa,Sample,A,Hverbana,USA092513F,,2013,A0dF091814EMa,USA,McClureE,Animal,Control2014_0918,2014_0918,McClureE,ILF,none,none,0,none,none,none,none,NIH_Leech_Microbiome,Control,EMbeat ,041514EM092514,2014_1007,LinA,1.88,Phusion,10010076,McClureE,2018_1105,Qubit,1.37,181109_M03075_0240_000000000-C2NFM,16Sv4,287,519F/806R
A0dF091814EMbID,A0dF091814EMb,Sample,A,Hverbana,USA092513F,,2013,A0dF091814EMb,USA,McClureE,Animal,Control2014_0918,2014_0918,McClureE,ILF,none,none,0,none,none,none,none,NIH_Leech_Microbiome,Control,EMbeat ,101513EM071514,2014_0925,LinA,0.743,Phusion,10010076,McClureE,2018_1105,Qubit,3.16,181109_M03075_0240_000000000-C2NFM,16Sv4,287,519F/806R
A0dF091814EMcID,A0dF091814EMc,Sample,A,Hverbana,USA092513F,,2013,A0dF091814EMc,USA,McClureE,Animal,Control2014_0918,2014_0918,McClureE,ILF,none,none,0,none,none,none,none,NIH_Leech_Microbiome,Control,EMbeat ,041514EM092514,2014_1009,LinA,2.61,Phusion,10010076,McClureE,2018_1105,Qubit,1.16,181109_M03075_0240_000000000-C2NFM,16Sv4,287,519F/806R
A42hF050317EMa-iD523,A42hF050317EMa,Sample,A,Hverbana,BBEZ081616,,2016,A42hF050317EMa,BBEZ,McClureE,Animal,Control2017_0503,2017_0503,McClureE,ILF,1/17/05,none,2,none,sBlood,17E52641,NA,NIH_Leech_Microbiome,Control,EMbeat ,121214EM061717,2018_0201,McClureE,3.77,Phusion,311709,McClureE,2018_0201,QIAxcel,2.99,180203_M03075_0181_000000000-BFFBD,16Sv4,287,519F/806R
A42hF050317EMb-iD519,A42hF050317EMb,Sample,A,Hverbana,BBEZ081616,,2016,A42hF050317EMb,BBEZ,McClureE,Animal,Control2017_0503,2017_0503,McClureE,ILF,1/17/05,none,2,none,sBlood,17E52641,NA,NIH_Leech_Microbiome,Control,EMbeat ,121214EM061717,2018_0201,McClureE,3.31,Phusion,311709,McClureE,2018_0201,QIAxcel,2.59,180203_M03075_0181_000000000-BFFBD,16Sv4,287,519F/806R
A42hF050317EMbBD,A42hF050317EMb,Sample,A,Hverbana,BBEZ081616,,2016,A42hF050317EMb,BBEZ,McClureE,Animal,Control2017_0503,2017_0503,McClureE,Bladder,5/1/17,none,2,none,sBlood,17E52641,NA,NIH_Leech_Microbiome,Control,EMbeat ,121214EM061717,2017_0618,McClureE,1.39,Phusion,10010076,McClureE,2018_1105,Qubit,3.88,181109_M03075_0240_000000000-C2NFM,16Sv4,287,519F/806R
A42hF050317EMc-bD435,A42hF050317EMc,Sample,A,Hverbana,BBEZ081616,,2016,A42hF050317EMc,BBEZ,McClureE,Animal,Control2017_0503,2017_0503,McClureE,Bladder,1/17/05,none,2,none,sBlood,17E52641,NA,NIH_Leech_Microbiome,Control,EMbeat ,121214EM122116,2017_0613,McClureE,0.117,Phusion,291704,McClureE,2017_0708,QIAxcel,0.4,170914_M03075_0158_000000000-BD6FG,16Sv4,287,519F/806R
A42hF050317EMc-iD521,A42hF050317EMc,Sample,A,Hverbana,BBEZ081616,,2016,A42hF050317EMc,BBEZ,McClureE,Animal,Control2017_0503,2017_0503,McClureE,ILF,1/17/05,none,2,none,sBlood,17E52641,NA,NIH_Leech_Microbiome,Control,EMbeat ,121214EM061717,2018_0201,McClureE,3.51,Phusion,311709,McClureE,2018_0201,QIAxcel,1.83,180203_M03075_0181_000000000-BFFBD,16Sv4,287,519F/806R
A7dF051717EMa-uD534,A7dF051717EMa,Sample,A,Hverbana,BBEZ081616,,2016,A7dF051717EMa,BBEZ,McClureE,Animal,Control2017_0517,2017_0517,McClureE,Intestinum,10/17/05,none,7,none,sBlood,17E52287,none,NIH_Leech_Microbiome,Control,EMbeat ,121214EM061717,2017_0816,McClureE,10,Phusion,291704,McClureE,2017_1108,QIAxcel,2.41,171110_M03075_0167_000000000-B6GCW,16Sv4,287,519F/806R
A042117JGa-bD501,A042117JGa,Sample,A,Hverbana,BBEZ011217F,,2016,A042117JGa,BBEZ,McClureE,Animal,UCdeposit2017_0421,2017_0421,GrafJ,Bladder,12/17/01,none,99,none,sBlood,17A20770,NA,NIH_Leech_Microbiome,Control,EMbeat ,121214EM122116,2017_0612,McClureE,0.909,Phusion,311709,McClureE,2018_0201,QIAxcel,0.59,180203_M03075_0181_000000000-BFFBD,16Sv4,287,519F/806R
A042117JGa-iD529,A042117JGa,Sample,A,Hverbana,BBEZ011217F,,2016,A042117JGa,BBEZ,McClureE,Animal,UCdeposit2017_0421,2017_0421,GrafJ,ILF,12/17/01,none,99,none,sBlood,17A20770,NA,NIH_Leech_Microbiome,Control,EMbeat ,121214EM122116,2017_0611,McClureE,6.05,Phusion,311709,McClureE,2018_0201,QIAxcel,3.84,180203_M03075_0181_000000000-BFFBD,16Sv4,287,519F/806R
A042117JGb-bD573,A042117JGb,Sample,A,Hverbana,BBEZ011217F,,2016,A042117JGb,BBEZ,McClureE,Animal,UCdeposit2017_0421,2017_0421,GrafJ,Bladder,12/17/01,none,99,none,sBlood,17A20770,NA,NIH_Leech_Microbiome,Control,EMbeat ,121214EM102617,2017_1104,McClureE,2.12,Phusion,291704,McClureE,2017_1108,QIAxcel,2.15,171110_M03075_0167_000000000-B6GCW,16Sv4,287,519F/806R
A042117JGc-iD514,A042117JGc,Sample,A,Hverbana,BBEZ011217F,,2016,A042117JGc,BBEZ,McClureE,Animal,UCdeposit2017_0421,2017_0421,GrafJ,ILF,12/17/01,none,99,none,sBlood,17A20770,NA,NIH_Leech_Microbiome,Control,EMbeat ,121214EM102617,2017_1104,McClureE,2.85,Phusion,311709,McClureE,2018_0201,QIAxcel,3.68,180203_M03075_0181_000000000-BFFBD,16Sv4,287,519F/806R
A042117JGd-bD594,A042117JGd,Sample,A,Hverbana,BBEZ011217F,,2016,A042117JGd,BBEZ,McClureE,Animal,UCdeposit2017_0421,2017_0421,GrafJ,Bladder,12/17/01,none,99,none,sBlood,17A20770,NA,NIH_Leech_Microbiome,Control,EMbeat ,121214EM061717,2017_0815,McClureE,0.14,Phusion,291704,McClureE,2017_1108,QIAxcel,0.69,171110_M03075_0167_000000000-B6GCW,16Sv4,287,519F/806R
A042117JGd-iD516,A042117JGd,Sample,A,Hverbana,BBEZ011217F,,2016,A042117JGd,BBEZ,McClureE,Animal,UCdeposit2017_0421,2017_0421,GrafJ,ILF,12/17/01,none,99,none,sBlood,17A20770,NA,NIH_Leech_Microbiome,Control,EMbeat ,121214EM102617,2017_1104,McClureE,2.86,Phusion,311709,McClureE,2018_0201,QIAxcel,3.04,180203_M03075_0181_000000000-BFFBD,16Sv4,287,519F/806R
A042317EMe-iD513,A042317EMe,Sample,A,Hverbana,BBEZ011217F,,2016,A042317EMe,BBEZ,McClureE,Animal,UCdeposit2017_0423,2017_0423,McClureE,ILF,12/17/01,none,101,none,sBlood,17A20770,NA,NIH_Leech_Microbiome,Control,EMbeat ,121214EM102617,2017_1104,McClureE,2.54,Phusion,311709,McClureE,2018_0201,QIAxcel,2.34,180203_M03075_0181_000000000-BFFBD,16Sv4,287,519F/806R
A042317EMe-uD528,A042317EMe,Sample,A,Hverbana,BBEZ011217F,,2016,A042317EMe,BBEZ,McClureE,Animal,UCdeposit2017_0423,2017_0423,McClureE,Intestinum,12/17/01,none,101,none,sBlood,17A20770,NA,NIH_Leech_Microbiome,Control,EMbeat ,121214EM102617,2017_1104,McClureE,5.65,Phusion,311709,McClureE,2018_0201,QIAxcel,1.27,180203_M03075_0181_000000000-BFFBD,16Sv4,287,519F/806R
A042317EMf-iD508,A042317EMf,Sample,A,Hverbana,BBEZ011217F,,2016,A042317EMf,BBEZ,McClureE,Animal,UCdeposit2017_0423,2017_0423,McClureE,ILF,12/17/01,none,101,none,sBlood,17A20770,NA,NIH_Leech_Microbiome,Control,EMbeat ,121214EM102617,2017_1104,McClureE,2.02,Phusion,311709,McClureE,2018_0201,QIAxcel,2.48,180203_M03075_0181_000000000-BFFBD,16Sv4,287,519F/806R
A042317EMf-uD559,A042317EMf,Sample,A,Hverbana,BBEZ011217F,,2016,A042317EMf,BBEZ,McClureE,Animal,UCdeposit2017_0423,2017_0423,McClureE,Intestinum,12/17/01,none,101,none,sBlood,17A20770,NA,NIH_Leech_Microbiome,Control,EMbeat ,121214EM102617,2017_1103,McClureE,3.25,Phusion,291704,McClureE,2017_1108,QIAxcel,1.76,171110_M03075_0167_000000000-B6GCW,16Sv4,287,519F/806R
A042317EMg-bD592,A042317EMg,Sample,A,Hverbana,BBEZ011217F,,2016,A042317EMg,BBEZ,McClureE,Animal,UCdeposit2017_0423,2017_0423,McClureE,Bladder,12/17/01,none,101,none,sBlood,17A20770,NA,NIH_Leech_Microbiome,Control,EMbeat ,121214EM061717,2017_0816,McClureE,0.228,Phusion,291704,McClureE,2017_1108,QIAxcel,0.16,171110_M03075_0167_000000000-B6GCW,16Sv4,287,519F/806R
A042317EMg-iD527,A042317EMg,Sample,A,Hverbana,BBEZ011217F,,2016,A042317EMg,BBEZ,McClureE,Animal,UCdeposit2017_0423,2017_0423,McClureE,ILF,12/17/01,none,101,none,sBlood,17A20770,NA,NIH_Leech_Microbiome,Control,EMbeat ,121214EM102617,2017_1104,McClureE,4.09,Phusion,311709,McClureE,2018_0201,QIAxcel,4.72,180203_M03075_0181_000000000-BFFBD,16Sv4,287,519F/806R
A042317EMh-iD522,A042317EMh,Sample,A,Hverbana,BBEZ011217F,,2016,A042317EMh,BBEZ,McClureE,Animal,UCdeposit2017_0423,2017_0423,McClureE,ILF,12/17/01,none,101,none,sBlood,17A20770,NA,NIH_Leech_Microbiome,Control,EMbeat ,121214EM102617,2017_1103,McClureE,3.51,Phusion,311709,McClureE,2018_0201,QIAxcel,2.86,180203_M03075_0181_000000000-BFFBD,16Sv4,287,519F/806R
A042317EMh-uD558,A042317EMh,Sample,A,Hverbana,BBEZ011217F,,2016,A042317EMh,BBEZ,McClureE,Animal,UCdeposit2017_0423,2017_0423,McClureE,Intestinum,12/17/01,none,101,none,sBlood,17A20770,NA,NIH_Leech_Microbiome,Control,EMbeat ,121214EM102617,2017_1103,McClureE,3.26,Phusion,291704,McClureE,2017_1108,QIAxcel,2.03,171110_M03075_0167_000000000-B6GCW,16Sv4,287,519F/806R
A042317EMi-bD500,A042317EMi,Sample,A,Hverbana,BBEZ011217F,,2016,A042317EMi,BBEZ,McClureE,Animal,UCdeposit2017_0423,2017_0423,McClureE,Bladder,12/17/01,none,101,none,sBlood,17A20770,NA,NIH_Leech_Microbiome,Control,EMbeat ,121214EM061717,2018_0201,McClureE,0.805,Phusion,311709,McClureE,2018_0201,QIAxcel,0.79,180203_M03075_0181_000000000-BFFBD,16Sv4,287,519F/806R
A042317EMi-iD515,A042317EMi,Sample,A,Hverbana,BBEZ011217F,,2016,A042317EMi,BBEZ,McClureE,Animal,UCdeposit2017_0423,2017_0423,McClureE,ILF,12/17/01,none,101,none,sBlood,17A20770,NA,NIH_Leech_Microbiome,Control,EMbeat ,121214EM102617,2017_1027,McClureE,2.86,Phusion,311709,McClureE,2018_0201,QIAxcel,3.61,180203_M03075_0181_000000000-BFFBD,16Sv4,287,519F/806R
A042317EMi-uD517,A042317EMi,Sample,A,Hverbana,BBEZ011217F,,2016,A042317EMi,BBEZ,McClureE,Animal,UCdeposit2017_0423,2017_0423,McClureE,Intestinum,12/17/01,none,101,none,sBlood,17A20770,NA,NIH_Leech_Microbiome,Control,EMbeat ,121214EM102617,2017_1027,McClureE,3.24,Phusion,311709,McClureE,2018_0201,QIAxcel,3.64,180203_M03075_0181_000000000-BFFBD,16Sv4,287,519F/806R
A042317EMj-iD504,A042317EMj,Sample,A,Hverbana,BBEZ011217F,,2016,A042317EMj,BBEZ,McClureE,Animal,UCdeposit2017_0423,2017_0423,McClureE,ILF,12/17/01,none,101,none,sBlood,17A20770,NA,NIH_Leech_Microbiome,Control,EMbeat ,121214EM061717,2017_0618,McClureE,1.27,Phusion,311709,McClureE,2018_0201,QIAxcel,3.07,180203_M03075_0181_000000000-BFFBD,16Sv4,287,519F/806R
A042317EMj-uD540,A042317EMj,Sample,A,Hverbana,BBEZ011217F,,2016,A042317EMj,BBEZ,McClureE,Animal,UCdeposit2017_0423,2017_0423,McClureE,Intestinum,12/17/01,none,101,none,sBlood,17A20770,NA,NIH_Leech_Microbiome,Control,EMbeat ,121214EM061717,2017_0815,McClureE,5.86,Phusion,291704,McClureE,2017_1108,QIAxcel,4.02,171110_M03075_0167_000000000-B6GCW,16Sv4,287,519F/806R
A042317EMjBD,A042317EMj,Sample,A,Hverbana,BBEZ011217F,,2016,A042317EMj,BBEZ,McClureE,Animal,UCdeposit2017_0423,2017_0423,McClureE,Bladder,1/12/17,none,101,none,sBlood,17A20770,NA,NIH_Leech_Microbiome,Control,EMbeat ,121214EM122116,2017_0612,McClureE,1.27,Phusion,10010076,McClureE,2018_1105,Qubit,1.92,181109_M03075_0240_000000000-C2NFM,16Sv4,287,519F/806R
A042317EMk-iD507,A042317EMk,Sample,A,Hverbana,BBEZ011217F,,2016,A042317EMk,BBEZ,McClureE,Animal,UCdeposit2017_0423,2017_0423,McClureE,ILF,12/17/01,none,101,none,sBlood,17A20770,NA,NIH_Leech_Microbiome,Control,EMbeat ,121214EM061717,2017_0618,McClureE,1.84,Phusion,311709,McClureE,2018_0201,QIAxcel,3.13,180203_M03075_0181_000000000-BFFBD,16Sv4,287,519F/806R
A042317EMkBD,A042317EMk,Sample,A,Hverbana,BBEZ011217F,,2016,A042317EMk,BBEZ,McClureE,Animal,UCdeposit2017_0423,2017_0423,McClureE,Bladder,1/12/17,none,101,none,sBlood,17A20770,NA,NIH_Leech_Microbiome,Control,EMbeat ,121214EM122116,2017_0616,McClureE,2.41,Phusion,10010076,McClureE,2018_1105,Qubit,1.83,181109_M03075_0240_000000000-C2NFM,16Sv4,287,519F/806R
A042317EMkUD,A042317EMk,Sample,A,Hverbana,BBEZ011217F,,2016,A042317EMk,BBEZ,McClureE,Animal,UCdeposit2017_0423,2017_0423,McClureE,Intestinum,1/12/17,none,101,none,sBlood,17A20770,NA,NIH_Leech_Microbiome,Control,EMbeat ,101618EM101618,2018_1016,McClureE,8.37,Phusion,10010076,McClureE,2018_1105,Qubit,3.45,181109_M03075_0240_000000000-C2NFM,16Sv4,287,519F/806R
A043017EMl-bD584,A043017EMl,Sample,A,Hverbana,BBEZ011217F,,2016,A043017EMl,BBEZ,McClureE,Animal,UCdeposit2017_0430,2017_0430,McClureE,Bladder,12/17/01,none,108,none,sBlood,17A20770,NA,NIH_Leech_Microbiome,Control,EMbeat ,121214EM061717,2017_0618,McClureE,1,Phusion,291704,McClureE,2017_1108,QIAxcel,0.16,171110_M03075_0167_000000000-B6GCW,16Sv4,287,519F/806R
A043017EMlID,A043017EMl,Sample,A,Hverbana,BBEZ011217F,,2016,A043017EMl,BBEZ,McClureE,Animal,UCdeposit2017_0430,2017_0430,McClureE,ILF,1/12/17,none,108,none,sBlood,17A20770,NA,NIH_Leech_Microbiome,Control,EMbeat ,121214EM122116,2017_0613,McClureE,4.2,Phusion,10010076,McClureE,2018_1105,Qubit,1.43,181109_M03075_0240_000000000-C2NFM,16Sv4,287,519F/806R
A043017EMm-iD443,A043017EMm,Sample,A,Hverbana,BBEZ011217F,,2016,A043017EMm,BBEZ,McClureE,Animal,UCdeposit2017_0430,2017_0430,McClureE,ILF,12/17/01,none,108,none,sBlood,17A20770,NA,NIH_Leech_Microbiome,Control,EMbeat ,121214EM061717,2017_0618,McClureE,1.54,Phusion,291704,McClureE,2017_0708,QIAxcel,3.68,170914_M03075_0158_000000000-BD6FG,16Sv4,287,519F/806R
A043017EMm-uD546,A043017EMm,Sample,A,Hverbana,BBEZ011217F,,2016,A043017EMm,BBEZ,McClureE,Animal,UCdeposit2017_0430,2017_0430,McClureE,Intestinum,12/17/01,none,108,none,sBlood,17A20770,NA,NIH_Leech_Microbiome,Control,EMbeat ,121214EM102617,2017_1027,McClureE,4.67,Phusion,291704,McClureE,2017_1108,QIAxcel,2.44,171110_M03075_0167_000000000-B6GCW,16Sv4,287,519F/806R
A050217EMoUD,A050217EMo,Sample,A,Hverbana,BBEZ011217F,,2016,A050217EMo,BBEZ,McClureE,Animal,UCdeposit2017_0502,2017_0502,McClureE,Intestinum,1/12/17,none,110,none,sBlood,17A20770,NA,NIH_Leech_Microbiome,Control,EMbeat ,101618EM101618,2018_1016,McClureE,5.24,Phusion,10010076,McClureE,2018_1105,Qubit,3.71,181109_M03075_0240_000000000-C2NFM,16Sv4,287,519F/806R
A050217EMp-uD580,A050217EMp,Sample,A,Hverbana,BBEZ011217F,,2016,A050217EMp,BBEZ,McClureE,Animal,UCdeposit2017_0502,2017_0502,McClureE,Intestinum,12/17/01,none,110,none,sBlood,17A20770,NA,NIH_Leech_Microbiome,Control,EMbeat ,121214EM102617,2017_1104,McClureE,1.75,Phusion,291704,McClureE,2017_1108,QIAxcel,2.5,171110_M03075_0167_000000000-B6GCW,16Sv4,287,519F/806R
A050217EMr-iD446,A050217EMr,Sample,A,Hverbana,BBEZ011217F,,2016,A050217EMr,BBEZ,McClureE,Animal,UCdeposit2017_0502,2017_0502,McClureE,ILF,12/17/01,none,110,none,sBlood,17A20770,NA,NIH_Leech_Microbiome,Control,EMbeat ,121214EM061717,2017_0617,McClureE,3.17,Phusion,291704,McClureE,2017_0708,QIAxcel,4.22,170914_M03075_0158_000000000-BD6FG,16Sv4,287,519F/806R
A050217EMr-uD535,A050217EMr,Sample,A,Hverbana,BBEZ011217F,,2016,A050217EMr,BBEZ,McClureE,Animal,UCdeposit2017_0502,2017_0502,McClureE,Intestinum,12/17/01,none,110,none,sBlood,17A20770,NA,NIH_Leech_Microbiome,Control,EMbeat ,121214EM061717,2017_0816,McClureE,7.91,Phusion,291704,McClureE,2017_1108,QIAxcel,0.71,171110_M03075_0167_000000000-B6GCW,16Sv4,287,519F/806R
A050817EMs-uD556,A050817EMs,Sample,A,Hverbana,BBEZ081616,,2016,A050817EMs,BBEZ,McClureE,Animal,UCdeposit2017_0508,2017_0508,McClureE,Intestinum,12/17/01,none,116,none,sBlood,17A20770,NA,NIH_Leech_Microbiome,Control,EMbeat ,121214EM061717,2017_0815,McClureE,3.42,Phusion,291704,McClureE,2017_1108,QIAxcel,2.52,171110_M03075_0167_000000000-B6GCW,16Sv4,287,519F/806R
A0dF100813EMaID34,A0dF100813EMa,Sample,A,Hverbana,USA042613F,,2013,A0dF100813EMa,USA,McClureE,Animal,Control2013_1008,2013_1008,McClureE,ILF,4/26/13,8/13/10,165,0,sBlood,S-M4384,S-N3095,NIH_Leech_Microbiome,Control,EMbeat ,061313JB092913,2013_1011,McClureE,7.8,Phusion,151309,McClureE,2013_1017,Gel,Unk,140113_M00704_0074_000000000-A62D4,16Sv4,287,519F/806R
A0dF100813EMb-iD148,A0dF100813EMb,Sample,A,Hverbana,USA042613F,,2013,A0dF100813EMb,USA,McClureE,Animal,Control2013_1008,2013_1008,McClureE,ILF,4/26/13,8/13/10,165,0,sBlood,S-M4384,S-N3095,NIH_Leech_Microbiome,Control,EMbeat ,061313JB092913,2013_1011,McClureE,6.36,Phusion,151309,McClureE,2014_0412,,45,140428_M00704_0080_000000000-A6E26,16Sv4,287,519F/806R
A2dF101013EM-iD2-292,A2dF101013EM,PosControl,A,Hverbana,USA042613F,,2013,A2dF101013EM,USA,McClureE,Animal,Control2013_1010,2013_1010,McClureE,ILF,4/26/13,8/13/10,167,2,sBlood,S-M4384,S-N3095,NIH_Leech_Microbiome,Control,EMbeat ,061313JB092913,2013_1011,McClureE,5.44,Phusion,271607,McClureE,2016_1222,QIAxcel,1.98,161223_M03075_0094_000000000-ARN4N,16Sv4,287,519F/806R
A7dF101513EMID104,A7dF101513EM,Sample,A,Hverbana,USA042613F,,2013,A7dF101513EM,USA,McClureE,Animal,Control2013_1015,2013_1015,McClureE,ILF,4/26/13,8/13/10,172,7,sBlood,S-M4384,S-N3095,NIH_Leech_Microbiome,Control,EMbeat ,061313JB092913,2013_1018,McClureE,3.94,Phusion,,McClureE,,,Unk,140113_M00704_0074_000000000-A62D4,16Sv4,287,519F/806R
MA,MA,Sample,A,Mdecora,MA2012,June,2012,NA,GrotonMA,NelsonM,Animal,MANelson2012_0601,2012_0601,NelsonM,ILF,none,none,0,none,none,none,none,NIH_Leech_Microbiome,ControlNelson,Nelson,Nelson2012,2012_0606,NelsonM,0.351,NA,NA,NelsonM,2013_0430,NA,Unk,NA,16Sv4,287,519F/806R
W66A-ILF,W66A,Sample,A,Mdecora,Wlot2012,June,2012,NA,Wlot,NelsonM,Animal,Wlot2012_0601,2012_0601,NelsonM,ILF,none,none,0,none,none,none,none,NIH_Leech_Microbiome,ControlNelson,MasterPure,Nelson,2012_0606,NelsonM,15.63,NA,NA,NelsonM,2013_0430,NA,Unk,NA,16Sv4,287,519F/806R
W66A-INT,W66A,Sample,A,Mdecora,Wlot2012,July,2012,NA,Wlot,NelsonM,Animal,Wlot2012_0601,2012_0601,NelsonM,Intestinum,none,none,0,none,none,none,none,NIH_Leech_Microbiome,ControlNelson,MasterPure,Nelson,2012_0606,NelsonM,NA,NA,NA,NelsonM,2013_0430,NA,Unk,NA,16Sv4,287,519F/806R
W66B-ILF,W66B,Sample,A,Mdecora,Wlot2012,August,2012,NA,Wlot,NelsonM,Animal,Wlot2012_0601,2012_0601,NelsonM,ILF,none,none,0,none,none,none,none,NIH_Leech_Microbiome,ControlNelson,MasterPure,Nelson,2012_0606,NelsonM,7.37,NA,NA,NelsonM,2013_0430,NA,Unk,NA,16Sv4,287,519F/806R
W66B-INT,W66B,Sample,A,Mdecora,Wlot2012,September,2012,NA,Wlot,NelsonM,Animal,Wlot2012_0601,2012_0601,NelsonM,Bladder,none,none,0,none,none,none,none,NIH_Leech_Microbiome,ControlNelson,MasterPure,Nelson,2012_0606,NelsonM,43.7,NA,NA,NelsonM,2013_0430,NA,Unk,NA,16Sv4,287,519F/806R
W66C-I,W66C,Sample,A,Mdecora,Wlot2012,October,2012,NA,Wlot,NelsonM,Animal,Wlot2012_0601,2012_0601,NelsonM,ILF,none,none,0,none,none,none,none,NIH_Leech_Microbiome,ControlNelson,MasterPure,Nelson,2012_0606,NelsonM,5.1,NA,NA,NelsonM,2013_0430,NA,Unk,NA,16Sv4,287,519F/806R
W77A-I,W77A,Sample,A,Mdecora,Wlot2012,July,2012,NA,Wlot,NelsonM,Animal,Wlot2012_0715,2012_0717,NelsonM,ILF,none,none,0,none,none,none,none,NIH_Leech_Microbiome,ControlNelson,MasterPure_column,Nelson2012,2012_0718,NelsonM,35.83,NA,NA,NelsonM,2013_0430,NA,Unk,NA,16Sv4,287,519F/806R
W77A-N,W77A,Sample,A,Mdecora,Wlot2012,July,2012,NA,Wlot,NelsonM,Animal,Wlot2012_0715,2012_0717,NelsonM,Intestinum,none,none,0,none,none,none,none,NIH_Leech_Microbiome,ControlNelson,MasterPure_column,Nelson2012,2012_0718,NelsonM,10.47,NA,NA,NelsonM,2013_0430,NA,Unk,NA,16Sv4,287,519F/806R
W77B-N,W77B,Sample,A,Mdecora,Wlot2012,July,2012,NA,Wlot,NelsonM,Animal,Wlot2012_0715,2012_0717,NelsonM,Intestinum,none,none,0,none,none,none,none,NIH_Leech_Microbiome,ControlNelson,MasterPure_column,Nelson2012,2012_0718,NelsonM,47.07,NA,NA,NelsonM,2013_0430,NA,Unk,NA,16Sv4,287,519F/806R
W99A-N,W99A,Sample,A,Mdecora,Wlot2012,September,2012,NA,Wlot,NelsonM,Animal,Wlot2012_0907,2012_0911,NelsonM,Intestinum,none,none,0,none,none,none,none,NIH_Leech_Microbiome,ControlNelson,MasterPure_column,Nelson2012,2012_0917,NelsonM,29.2,NA,NA,NelsonM,2013_0430,NA,Unk,NA,16Sv4,287,519F/806R
W99C-Ib,W99C,Sample,A,Mdecora,Wlot2012,September,2012,NA,Wlot,NelsonM,Animal,Wlot2012_0907,2012_0911,NelsonM,ILF,none,none,0,none,none,none,none,NIH_Leech_Microbiome,ControlNelson,MasterPure_column,Nelson2012,2012_0912,NelsonM,29.9,NA,NA,NelsonM,2013_0430,NA,Unk,NA,16Sv4,287,519F/806R
W99C-N,W99C,Sample,A,Mdecora,Wlot2012,September,2012,NA,Wlot,NelsonM,Animal,Wlot2012_0907,2012_0911,NelsonM,Intestinum,none,none,0,none,none,none,none,NIH_Leech_Microbiome,ControlNelson,MasterPure_column,Nelson2012,2012_0917,NelsonM,27.3,NA,NA,NelsonM,2013_0430,NA,Unk,NA,16Sv4,287,519F/806R
W6F9C-Ib,W6F9C,Sample,A,Mdecora,Wlot2012,June,2012,NA,Wlot,NelsonM,Animal,Wlot2012_0601,2012_0911,NelsonM,ILF,2012_0811,none,31,none,sBlood,SK7228,none,NIH_Leech_Microbiome,ControlNelson,MasterPure_column,Nelson2012,2012_0912,NelsonM,7.69,NA,NA,NelsonM,2013_0430,NA,Unk,NA,16Sv4,287,519F/806R
W6F9C-N,W6F9C,Sample,A,Mdecora,Wlot2012,June,2012,NA,Wlot,NelsonM,Animal,Wlot2012_0601,2012_0911,NelsonM,Intestinum,2012_0811,none,31,none,sBlood,SK7228,none,NIH_Leech_Microbiome,ControlNelson,MasterPure_column,Nelson2012,2012_0917,NelsonM,39.7,NA,NA,NelsonM,2013_0430,NA,Unk,NA,16Sv4,287,519F/806R
WO6A-I,WO6A,Sample,A,Mdecora,Wlot2011,July,2011,NA,Wlot,NelsonM,Animal,Wlot2011_0721,2012_0601,NelsonM,ILF,2012_0209,none,113,none,sBlood,SJ8927,none,NIH_Leech_Microbiome,ControlNelson,MasterPure_column,Nelson2012,2012_0718,NelsonM,18.27,NA,NA,NelsonM,2013_0430,NA,Unk,NA,16Sv4,287,519F/806R
WO6B-I,WO6B,Sample,A,Mdecora,Wlot2011,July,2011,NA,Wlot,NelsonM,Animal,Wlot2011_0721,2012_0601,NelsonM,ILF,2012_0209,none,113,none,sBlood,SJ8927,none,NIH_Leech_Microbiome,ControlNelson,MasterPure_column,Nelson2012,2012_0718,NelsonM,15.67,NA,NA,NelsonM,2013_0430,NA,Unk,NA,16Sv4,287,519F/806R
WO6C-I,WO6C,Sample,A,Mdecora,Wlot2011,July,2011,NA,Wlot,NelsonM,Animal,Wlot2011_0721,2012_0601,NelsonM,ILF,2012_0209,none,113,none,sBlood,SJ8927,none,NIH_Leech_Microbiome,ControlNelson,MasterPure_column,Nelson2012,2012_0718,NelsonM,20.13,NA,NA,NelsonM,2013_0430,NA,Unk,NA,16Sv4,287,519F/806R
WO9A-Ia,WO9A,Sample,A,Mdecora,Wlot2011,July,2011,NA,Wlot,NelsonM,Animal,Wlot2011_0721,2012_0911,NelsonM,ILF,2012_0209,none,215,none,sBlood,SJ8927,none,NIH_Leech_Microbiome,ControlNelson,MasterPure_column,Nelson2012,2012_0912,NelsonM,15,NA,NA,NelsonM,2013_0430,NA,Unk,NA,16Sv4,287,519F/806R
W7FFB-Ic,W7FFB,Sample,A,Mdecora,Wlot2012,July,2012,NA,Wlot,NelsonM,Animal,Wlot2012_0715,2013_0408,NelsonM,ILF,none,none,265,Unk,sBlood,Unk,Unk,NIH_Leech_Microbiome,ControlNelson,MasterPure_column,Nelson2013,2013_0408,NelsonM,34.8,NA,NA,NelsonM,2013_0430,NA,Unk,NA,16Sv4,287,519F/806R
MAa0dF110814EMa-uD575,MAa0dF110814EMa,Sample,A,Mdecora,Macro_2014,October,2014,MAa0dF110814EMa,Wlot,McClureE,Animal,MacroAdult2014_1108,2014_1108,McClureE,Intestinum,1/14/11,none,0,none,sBlood,14K20708,14K20708,NIH_Leech_Microbiome,MacroAdult,EMbeat ,121214EM102617,2017_1104,McClureE,2,Phusion,291704,McClureE,2017_1108,QIAxcel,0.97,171110_M03075_0167_000000000-B6GCW,16Sv4,287,519F/806R
MAa0dF110814EMb-uD551,MAa0dF110814EMb,Sample,A,Mdecora,Macro_2014,October,2014,MAa0dF110814EMb,Wlot,McClureE,Animal,MacroAdult2014_1108,2014_1108,McClureE,Intestinum,1/14/11,none,0,none,sBlood,14K20708,14K20708,NIH_Leech_Microbiome,MacroAdult,EMbeat ,121214EM102617,2017_1104,McClureE,3.99,Phusion,291704,McClureE,2017_1108,QIAxcel,3.17,171110_M03075_0167_000000000-B6GCW,16Sv4,287,519F/806R
MAa0dF110814EMbID,MAa0dF110814EMb,Sample,A,Mdecora,Macro_2014,October,2014,MAa0dF110814EMb,Wlot,McClureE,Animal,MacroAdult2014_1108,2014_1108,McClureE,Bladder,11/1/14,none,0,none,sBlood,14K20708,none,NIH_Leech_Microbiome,MacroAdult,EMbeat ,121214EM020415,2015_0325,LinA,2.23,Phusion,10010076,McClureE,2018_1105,Qubit,1.56,181109_M03075_0240_000000000-C2NFM,16Sv4,287,519F/806R
MAa0dF110814EMc-uD557,MAa0dF110814EMc,Sample,A,Mdecora,Macro_2014,October,2014,MAa0dF110814EMc,Wlot,McClureE,Animal,MacroAdult2014_1108,2014_1108,McClureE,Intestinum,1/14/11,none,0,none,sBlood,14K20708,14K20708,NIH_Leech_Microbiome,MacroAdult,EMbeat ,121214EM102617,2017_1103,McClureE,3.36,Phusion,291704,McClureE,2017_1108,QIAxcel,2.62,171110_M03075_0167_000000000-B6GCW,16Sv4,287,519F/806R
MAa2dF110314EMaID62,MAa2dF110314EMa,Sample,A,Mdecora,Macro_2014,October,2014,MAa2dF110314EMa,Wlot,McClureE,Animal,MacroAdult2014_1103,2014_1103,McClureE,ILF,1/14/11,none,2,none,sBlood,14K20708,none,NIH_Leech_Microbiome,MacroAdult,EMbeat ,081914EM110614,2015_0130,LinA,0.905,Phusion,181405,McClureE,2015_0417,QIAxcel,1.14,150505_M00704_0036_000000000-AF8HF,16Sv4,287,519F/806R
MAa2dF110314EMb-uD582,MAa2dF110314EMb,Sample,A,Mdecora,Macro_2014,October,2014,MAa2dF110314EMb,Wlot,McClureE,Animal,MacroAdult2014_1103,2014_1103,McClureE,Intestinum,1/14/11,none,2,none,sBlood,14K20708,14K20708,NIH_Leech_Microbiome,MacroAdult,EMbeat ,081914EM110614,2014_1118,LinA,1.31,Phusion,291704,McClureE,2017_1108,QIAxcel,2.35,171110_M03075_0167_000000000-B6GCW,16Sv4,287,519F/806R
MAa4dF110514EMa-iD544,MAa4dF110514EMa,Sample,A,Mdecora,Macro_2014,October,2014,MAa4dF110514EMa,Wlot,McClureE,Animal,MacroAdult2014_1105,2014_1105,McClureE,ILF,1/14/11,none,4,none,sBlood,14K20708,none,NIH_Leech_Microbiome,MacroAdult,EMbeat ,121214EM020415,2015_0323,LinA,0.077,Phusion,291704,McClureE,2017_1108,QIAxcel,3.34,171110_M03075_0167_000000000-B6GCW,16Sv4,287,519F/806R
MAa4dF110514EMa-uD571,MAa4dF110514EMa,Sample,A,Mdecora,Macro_2014,October,2014,MAa4dF110514EMa,Wlot,McClureE,Animal,MacroAdult2014_1105,2014_1105,McClureE,Intestinum,1/14/11,none,4,none,sBlood,14K20708,14K20708,NIH_Leech_Microbiome,MacroAdult,EMbeat ,121214EM102617,2017_1104,McClureE,2.29,Phusion,291704,McClureE,2017_1108,QIAxcel,2.64,171110_M03075_0167_000000000-B6GCW,16Sv4,287,519F/806R
MAa4dF110514EMb-iD512,MAa4dF110514EMb,Sample,A,Mdecora,Macro_2014,October,2014,MAa4dF110514EMb,Wlot,McClureE,Animal,MacroAdult2014_1105,2014_1105,McClureE,ILF,1/14/11,none,4,none,sBlood,14K20708,none,NIH_Leech_Microbiome,MacroAdult,EMbeat ,121214EM020415,2015_0323,LinA,2.49,Phusion,311709,McClureE,2018_0201,QIAxcel,1.29,180203_M03075_0181_000000000-BFFBD,16Sv4,287,519F/806R
MAa4dF110514EMc-uD550,MAa4dF110514EMc,Sample,A,Mdecora,Macro_2014,October,2014,MAa4dF110514EMc,Wlot,McClureE,Animal,MacroAdult2014_1105,2014_1105,McClureE,Intestinum,1/14/11,none,4,none,sBlood,14K20708,14K20708,NIH_Leech_Microbiome,MacroAdult,EMbeat ,121214EM102617,2017_1103,McClureE,4.18,Phusion,291704,McClureE,2017_1108,QIAxcel,4.24,171110_M03075_0167_000000000-B6GCW,16Sv4,287,519F/806R
MAa7dF110814EMa-iD7,MAa7dF110814EMa,Sample,A,Mdecora,Macro_2014,October,2014,MAa7dF110814EMa,Wlot,McClureE,Animal,MacroAdult2014_1108,2014_1108,McClureE,ILF,1/14/11,none,7,none,sBlood,14K20708,none,NIH_Leech_Microbiome,MacroAdult,EMbeat ,121214EM032715,2015_0427,LinA,12.6,Phusion,211412,McClureE,2015_0601,QIAxcel,0.23,150618_M00704_0043_000000000-AFKF8,16Sv4,287,519F/806R
MAa7dF110814EMa-uD555,MAa7dF110814EMa,Sample,A,Mdecora,Macro_2014,October,2014,MAa7dF110814EMa,Wlot,McClureE,Animal,MacroAdult2014_1108,2014_1108,McClureE,Intestinum,1/14/11,none,7,none,sBlood,14K20708,14K20708,NIH_Leech_Microbiome,MacroAdult,EMbeat ,121214EM102617,2017_1103,McClureE,3.44,Phusion,291704,McClureE,2017_1108,QIAxcel,4.68,171110_M03075_0167_000000000-B6GCW,16Sv4,287,519F/806R
MAa7dF110814EMb-iD21,MAa7dF110814EMb,Sample,A,Mdecora,Macro_2014,October,2014,MAa7dF110814EMb,Wlot,McClureE,Animal,MacroAdult2014_1108,2014_1108,McClureE,ILF,1/14/11,none,7,none,sBlood,14K20708,none,NIH_Leech_Microbiome,MacroAdult,EMbeat ,121214EM032715,2015_0427,LinA,6.25,Phusion,211412,McClureE,2015_0615,QIAxcel,0,150618_M00704_0043_000000000-AFKF8,16Sv4,287,519F/806R
MAa7dF110814EMb-uD570,MAa7dF110814EMb,Sample,A,Mdecora,Macro_2014,October,2014,MAa7dF110814EMb,Wlot,McClureE,Animal,MacroAdult2014_1108,2014_1108,McClureE,Intestinum,1/14/11,none,7,none,sBlood,14K20708,14K20708,NIH_Leech_Microbiome,MacroAdult,EMbeat ,121214EM102617,2017_1104,McClureE,2.39,Phusion,291704,McClureE,2017_1108,QIAxcel,2.54,171110_M03075_0167_000000000-B6GCW,16Sv4,287,519F/806R
MAa7dF110814EMc-iD16,MAa7dF110814EMc,Sample,A,Mdecora,Macro_2014,October,2014,MAa7dF110814EMc,Wlot,McClureE,Animal,MacroAdult2014_1108,2014_1108,McClureE,ILF,1/14/11,none,7,none,sBlood,14K20708,none,NIH_Leech_Microbiome,MacroAdult,EMbeat ,121214EM032715,2015_0427,LinA,7.11,Phusion,211412,McClureE,2015_0615,QIAxcel,0.39,150618_M00704_0043_000000000-AFKF8,16Sv4,287,519F/806R
MAa7dF110814EMc-uD553,MAa7dF110814EMc,Sample,A,Mdecora,Macro_2014,October,2014,MAa7dF110814EMc,Wlot,McClureE,Animal,MacroAdult2014_1108,2014_1108,McClureE,Intestinum,1/14/11,none,7,none,sBlood,14K20708,14K20708,NIH_Leech_Microbiome,MacroAdult,EMbeat ,121214EM102617,2017_1103,McClureE,3.77,Phusion,291704,McClureE,2017_1108,QIAxcel,3.49,171110_M03075_0167_000000000-B6GCW,16Sv4,287,519F/806R
Ma5wF082117EM-iD548,Ma5wF082117EMa,Sample,A,Mdecora,MacroMA2017,July,2017,Ma5wF082117EMa,GrotonMA,McClureE,Animal,MAlab2017_0821,2017_0821,McClureE,ILF,42933,none,35,none,sBlood,17G20769,none,NIH_Leech_Microbiome,MacroLab,EMbeat ,121214EM102617,2017_1103,McClureE,4.49,Phusion,291704,McClureE,2017_1108,QIAxcel,4.07,171110_M03075_0167_000000000-B6GCW,16Sv4,287,519F/806R
Ma5wF082117EMaBD,Ma5wF082117EMa,Sample,A,Mdecora,MacroMA2017,July,2017,Ma5wF082117EMa,GrotonMA,McClureE,Animal,MAlab2017_0821,2017_0821,McClureE,Bladder,7/17/17,none,35,none,sBlood,17G20769,none,NIH_Leech_Microbiome,MacroLab,EMbeat ,121214EM102617,2017_1103,McClureE,2.74,Phusion,10010076,McClureE,2018_1105,Qubit,2.34,181109_M03075_0240_000000000-C2NFM,16Sv4,287,519F/806R
Ma5wF082117EMbUD,Ma5wF082117EMb,Sample,A,Mdecora,MacroMA2017,July,2017,Ma5wF082117EMb,GrotonMA,McClureE,Animal,MAlab2017_0821,2017_0821,McClureE,Intestinum,7/17/17,none,35,none,sBlood,17G20769,none,NIH_Leech_Microbiome,MacroLab,EMbeat ,121214EM102617,2017_1104,McClureE,2.68,Phusion,10010076,McClureE,2018_1105,Qubit,2.4,181109_M03075_0240_000000000-C2NFM,16Sv4,287,519F/806R
Ma5wF082117EMc-bD595,Ma5wF082117EMc,Sample,A,Mdecora,MacroMA2017,July,2017,Ma5wF082117EMc,GrotonMA,McClureE,Animal,MAlab2017_0821,2017_0821,McClureE,Bladder,7/17/17,none,35,none,sBlood,17G20769,none,NIH_Leech_Microbiome,MacroLab,EMbeat ,121214EM102617,2017_1103,McClureE,0.103,Phusion,291704,McClureE,2017_1108,QIAxcel,0.36,171110_M03075_0167_000000000-B6GCW,16Sv4,287,519F/806R
Ma5wF082117EMcID,Ma5wF082117EMc,Sample,A,Mdecora,MacroMA2017,July,2017,Ma5wF082117EMc,GrotonMA,McClureE,Animal,MAlab2017_0821,2017_0821,McClureE,ILF,7/17/17,none,35,none,sBlood,17G20769,none,NIH_Leech_Microbiome,MacroLab,EMbeat ,121214EM102617,2017_1103,McClureE,2.65,Phusion,10010076,McClureE,2018_1105,Qubit,0.97,181109_M03075_0240_000000000-C2NFM,16Sv4,287,519F/806R
Ma5wF082117EMcUD,Ma5wF082117EMc,Sample,A,Mdecora,MacroMA2017,July,2017,Ma5wF082117EMc,GrotonMA,McClureE,Animal,MAlab2017_0821,2017_0821,McClureE,Intestinum,7/17/17,none,35,none,sBlood,17G20769,none,NIH_Leech_Microbiome,MacroLab,EMbeat ,121214EM102617,2017_1103,McClureE,16.3,Phusion,10010076,McClureE,2018_1105,Qubit,2.5,181109_M03075_0240_000000000-C2NFM,16Sv4,287,519F/806R
Ma061817EMa-bD588,Ma061817EMa,Sample,A,Mdecora,MacroVT2017,June,2017,Ma061817EMa,MtSnowVT,GrafJ,Animal,MacroWild2017_0821,2017_0821,McClureE,Bladder,7/17/17,none,0,none,sBlood,17G20769,none,NIH_Leech_Microbiome,MacroWild,EMbeat ,121214EM102617,2017_1026,McClureE,0.726,Phusion,291704,McClureE,2017_1108,QIAxcel,0.24,171110_M03075_0167_000000000-B6GCW,16Sv4,287,519F/806R
Ma061817EMaID,Ma061817EMa,Sample,A,Mdecora,MacroVT2017,June,2017,Ma061817EMa,MtSnowVT,GrafJ,Animal,MacroWild2017_0821,2017_0821,McClureE,ILF,7/17/17,none,0,none,sBlood,17G20769,none,NIH_Leech_Microbiome,MacroWild,EMbeat ,121214EM102617,2017_1026,McClureE,10.4,Phusion,10010076,McClureE,2018_1105,Qubit,2.7,181109_M03075_0240_000000000-C2NFM,16Sv4,287,519F/806R
Ma061817EMb-bD590,Ma061817EMb,Sample,A,Mdecora,MacroNY2017,June,2017,Ma061817EMb,CarogaNY,RubinsteinR McClureE,Animal,NY2017_0603_0821,2017_0821,McClureE,Bladder,7/17/17,none,0,none,sBlood,17G20769,none,NIH_Leech_Microbiome,MacroWild,EMbeat ,121214EM102617,2017_1103,McClureE,0.503,Phusion,291704,McClureE,2017_1108,QIAxcel,1.21,171110_M03075_0167_000000000-B6GCW,16Sv4,287,519F/806R
Ma061817EMbID,Ma061817EMb,Sample,A,Mdecora,MacroNY2017,June,2017,Ma061817EMb,CarogaNY,RubinsteinR McClureE,Animal,NY2017_0603_0821,2017_0821,McClureE,ILF,7/17/17,none,0,none,sBlood,17G20769,none,NIH_Leech_Microbiome,MacroWild,EMbeat ,121214EM102617,2017_1103,McClureE,3.1,Phusion,10010076,McClureE,2018_1105,Qubit,1.49,181109_M03075_0240_000000000-C2NFM,16Sv4,287,519F/806R
Ma061817EMc-bD591,Ma061817EMc,Sample,A,Mdecora,MacroNY2017,June,2017,Ma061817EMc,CarogaNY,RubinsteinR McClureE,Animal,NY2017_0603_0821,2017_0821,McClureE,Bladder,7/17/17,none,0,none,sBlood,17G20769,none,NIH_Leech_Microbiome,MacroWild,EMbeat ,121214EM102617,2017_1103,McClureE,0.245,Phusion,291704,McClureE,2017_1108,QIAxcel,0.69,171110_M03075_0167_000000000-B6GCW,16Sv4,287,519F/806R
MdMA0dF040618EMbID830,MdMA0dF040618EMb,Sample,A,Mdecora,MdMA040218,April,2018,MdMA0dF040618EMb,GrotonMA,McClureE,Animal,MdMA2018_0402,2018_0406,McClureE,ILF,5/17/04,none,0,none,sBlood,18D52113,none,NIH_Leech_Microbiome,MacroWild,EMbeat ,121214EM102617,2018_0419,McClureE,6.45,Phusion,321712,McClureE,2018_0607,QIAxcel,Unk,180608_M03075_0212_000000000-BNRVR,16Sv4,287,
MdMA0dF040618EMbUD,MdMA0dF040618EMb,Sample,A,Mdecora,MdMA040218,April,2018,MdMA0dF040618EMb,GrotonMA,McClureE,Animal,MdMA2018_0402,2018_0406,McClureE,Intestinum,4/5/17,none,0,none,sBlood,18D52113,none,NIH_Leech_Microbiome,MacroWild,EMbeat ,121214EM102617,2018_0419,McClureE,3.28,Phusion,10010076,McClureE,2018_1105,Qubit,4.42,181109_M03075_0240_000000000-C2NFM,16Sv4,287,519F/806R
MdMA0dF040618EMcID828,MdMA0dF040618EMc,Sample,A,Mdecora,MdMA040218,April,2018,MdMA0dF040618EMc,GrotonMA,McClureE,Animal,MdMA2018_0402,2018_0406,McClureE,ILF,5/17/04,none,0,none,sBlood,18D52113,none,NIH_Leech_Microbiome,MacroWild,EMbeat ,042518EM042518,2018_0425,McClureE,5.57,Phusion,321712,McClureE,2018_0607,QIAxcel,Unk,180608_M03075_0212_000000000-BNRVR,16Sv4,287,
MdMA0dF040618EMcUD,MdMA0dF040618EMc,Sample,A,Mdecora,MdMA040218,April,2018,MdMA0dF040618EMc,GrotonMA,McClureE,Animal,MdMA2018_0402,2018_0406,McClureE,Intestinum,4/5/17,none,0,none,sBlood,18D52113,none,NIH_Leech_Microbiome,MacroWild,EMbeat ,101618EM101618,2018_1017,McClureE,8.74,Phusion,10010076,McClureE,2018_1105,Qubit,2.52,181109_M03075_0240_000000000-C2NFM,16Sv4,287,519F/806R
MdMA0dF040618EMeBD,MdMA0dF040618EMe,Sample,A,Mdecora,MdMA040218,April,2018,MdMA0dF040618EMe,GrotonMA,McClureE,Animal,MdMA2018_0402,2018_0406,McClureE,Bladder,4/5/17,none,0,none,sBlood,18D52113,none,NIH_Leech_Microbiome,MacroWild,EMbeat ,101618EM101618,2018_1016,McClureE,0.897,Phusion,10010076,McClureE,2018_1105,Qubit,2.67,181109_M03075_0240_000000000-C2NFM,16Sv4,287,519F/806R
MdMA0dF040618EMfBD,MdMA0dF040618EMf,Sample,A,Mdecora,MdMA040218,April,2018,MdMA0dF040618EMf,GrotonMA,McClureE,Animal,MdMA2018_0402,2018_0406,McClureE,Bladder,4/5/17,none,0,none,sBlood,18D52113,none,NIH_Leech_Microbiome,MacroWild,EMbeat ,101618EM101618,2018_1016,McClureE,1.32,Phusion,10010076,McClureE,2018_1105,Qubit,3.4,181109_M03075_0240_000000000-C2NFM,16Sv4,287,519F/806R
MdMA1dF040618EMcBD,MdMA1dF040618EMc,Sample,A,Mdecora,MdMA040218,April,2018,MdMA1dF040618EMc,GrotonMA,McClureE,Animal,MdMAfeed2018_0405,2018_0406,McClureE,Bladder,4/5/17,none,1,none,sBlood,18D52113,none,NIH_Leech_Microbiome,MacroWild,EMbeat ,101618EM101618,2018_1016,McClureE,1.04,Phusion,10010076,McClureE,2018_1105,Qubit,2.65,181109_M03075_0240_000000000-C2NFM,16Sv4,287,519F/806R
MdMA1dF040618EMd1ID792,MdMA1dF040618EMd,Sample,A,Mdecora,MdMA040218,April,2018,MdMA1dF040618EMd,GrotonMA,McClureE,Animal,MdMAfeed2018_0405,2018_0406,McClureE,ILF,5/17/04,none,1,none,sBlood,18D52113,none,NIH_Leech_Microbiome,MacroWild,EMbeat ,121214EM102617,2018_0419,McClureE,16.8,Phusion,321712,McClureE,2018_0427,QIAxcel,3,180522_M01676_0066_000000000-BNTKJ,16Sv4,287,
MdMA1dF040618EMdUD742,MdMA1dF040618EMd,Sample,A,Mdecora,MdMA040218,April,2018,MdMA1dF040618EMd,GrotonMA,McClureE,Animal,MdMAfeed2018_0405,2018_0406,McClureE,Intestinum,5/17/04,none,1,none,sBlood,18D52113,none,NIH_Leech_Microbiome,MacroWild,EMbeat ,121214EM102617,2018_0419,McClureE,1.97,Phusion,321712,McClureE,2018_0426,QIAxcel,2.99,180522_M01676_0066_000000000-BNTKJ,16Sv4,287,
MdMA1dF040618EMf1ID767,MdMA1dF040618EMf,Sample,A,Mdecora,MdMA040218,April,2018,MdMA1dF040618EMf,GrotonMA,McClureE,Animal,MdMAfeed2018_0405,2018_0406,McClureE,ILF,5/17/04,none,1,none,sBlood,18D52113,none,NIH_Leech_Microbiome,MacroWild,EMbeat ,042518EM042518,2018_0425,McClureE,4.19,Phusion,321712,McClureE,2018_0427,QIAxcel,4.76,180522_M01676_0066_000000000-BNTKJ,16Sv4,287,
MdMA1dF040618EMfUD736,MdMA1dF040618EMf,Sample,A,Mdecora,MdMA040218,April,2018,MdMA1dF040618EMf,GrotonMA,McClureE,Animal,MdMAfeed2018_0405,2018_0406,McClureE,Intestinum,5/17/04,none,1,none,sBlood,18D52113,none,NIH_Leech_Microbiome,MacroWild,EMbeat ,042518EM042518,2018_0425,McClureE,1.71,Phusion,321712,McClureE,2018_0426,QIAxcel,2,180522_M01676_0066_000000000-BNTKJ,16Sv4,287,
MdMA4dF040918EMa1ID841,MdMA4dF040918EMa,Sample,A,Mdecora,MdMA040218,April,2018,MdMA4dF040918EMa,GrotonMA,McClureE,Animal,MdMAfeed2018_0405,2018_0409,McClureE,ILF,5/17/04,none,4,none,sBlood,18D52113,none,NIH_Leech_Microbiome,MacroWild,EMbeat ,121214EM102617,2018_0419,McClureE,9.8,Phusion,321712,McClureE,2018_0607,QIAxcel,Unk,180608_M03075_0212_000000000-BNRVR,16Sv4,287,
MdMA4dF040918EMcBD,MdMA4dF040918EMc,Sample,A,Mdecora,MdMA040218,April,2018,MdMA4dF040918EMc,GrotonMA,McClureE,Animal,MdMAfeed2018_0405,2018_0409,McClureE,Bladder,4/5/17,none,4,none,sBlood,18D52113,none,NIH_Leech_Microbiome,MacroWild,EMbeat ,101618EM101618,2018_1016,McClureE,0.748,Phusion,10010076,McClureE,2018_1105,Qubit,4.34,181109_M03075_0240_000000000-C2NFM,16Sv4,287,519F/806R
MdMA4dF040918EMd1ID772,MdMA4dF040918EMd,Sample,A,Mdecora,MdMA040218,April,2018,MdMA4dF040918EMd,GrotonMA,McClureE,Animal,MdMAfeed2018_0405,2018_0409,McClureE,ILF,5/17/04,none,4,none,sBlood,18D52113,none,NIH_Leech_Microbiome,MacroWild,EMbeat ,042518EM042518,2018_0425,McClureE,4.61,Phusion,321712,McClureE,2018_0427,QIAxcel,2.9,180522_M01676_0066_000000000-BNTKJ,16Sv4,287,
MdMA4dF040918EMdUD771,MdMA4dF040918EMd,Sample,A,Mdecora,MdMA040218,April,2018,MdMA4dF040918EMd,GrotonMA,McClureE,Animal,MdMAfeed2018_0405,2018_0409,McClureE,Intestinum,5/17/04,none,4,none,sBlood,18D52113,none,NIH_Leech_Microbiome,MacroWild,EMbeat ,042518EM042518,2018_0425,McClureE,4.5,Phusion,321712,McClureE,2018_0427,QIAxcel,6.25,180522_M01676_0066_000000000-BNTKJ,16Sv4,287,
MdMA4dF040918EMfBD,MdMA4dF040918EMf,Sample,A,Mdecora,MdMA040218,April,2018,MdMA4dF040918EMf,GrotonMA,McClureE,Animal,MdMAfeed2018_0405,2018_0409,McClureE,Bladder,4/5/17,none,4,none,sBlood,18D52113,none,NIH_Leech_Microbiome,MacroWild,EMbeat ,101618EM101618,2018_1016,McClureE,2.77,Phusion,10010076,McClureE,2018_1105,Qubit,2.52,181109_M03075_0240_000000000-C2NFM,16Sv4,287,519F/806R
MdMA7dF041218EMa1ID789,MdMA7dF041218EMa,Sample,A,Mdecora,MdMA040218,April,2018,MdMA7dF041218EMa,GrotonMA,McClureE,Animal,MdMAfeed2018_0405,2018_0412,McClureE,ILF,5/17/04,none,7,none,sBlood,18D52113,none,NIH_Leech_Microbiome,MacroWild,EMbeat ,121214EM102617,2018_0419,McClureE,10.4,Phusion,321712,McClureE,2018_0427,QIAxcel,4.34,180522_M01676_0066_000000000-BNTKJ,16Sv4,287,
MdMA7dF041218EMc1ID785,MdMA7dF041218EMc,Sample,A,Mdecora,MdMA040218,April,2018,MdMA7dF041218EMc,GrotonMA,McClureE,Animal,MdMAfeed2018_0405,2018_0412,McClureE,ILF,5/17/04,none,7,none,sBlood,18D52113,none,NIH_Leech_Microbiome,MacroWild,EMbeat ,042518EM042518,2018_0425,McClureE,8.45,Phusion,321712,McClureE,2018_0427,QIAxcel,4.28,180522_M01676_0066_000000000-BNTKJ,16Sv4,287,
MdMA7dF041218EMeBD,MdMA7dF041218EMe,Sample,A,Mdecora,MdMA040218,April,2018,MdMA7dF041218EMe,GrotonMA,McClureE,Animal,MdMAfeed2018_0405,2018_0412,McClureE,Bladder,4/5/17,none,7,none,sBlood,18D52113,none,NIH_Leech_Microbiome,MacroWild,EMbeat ,101618EM101618,2018_1016,McClureE,1.22,Phusion,10010076,McClureE,2018_1105,Qubit,2.57,181109_M03075_0240_000000000-C2NFM,16Sv4,287,519F/806R
MdMA7dF041218EMfBD,MdMA7dF041218EMf,Sample,A,Mdecora,MdMA040218,April,2018,MdMA7dF041218EMf,GrotonMA,McClureE,Animal,MdMAfeed2018_0405,2018_0412,McClureE,Bladder,4/5/17,none,7,none,sBlood,18D52113,none,NIH_Leech_Microbiome,MacroWild,EMbeat ,101618EM101618,2018_1016,McClureE,0.681,Phusion,10010076,McClureE,2018_1105,Qubit,3.03,181109_M03075_0240_000000000-C2NFM,16Sv4,287,519F/806R
NegEMbeatAL090414-9,NegEMbeatAL090414,NegControl,G,none,NA,,,,NA,LinA,Reagents,ReagEM2014,2014_0904,McClurE,Reagents,NA,NA,NA,NA,NA,NA,NA,Controls,Reagents,EMbeat ,,2014_0904,LinA,0.05,Phusion,181405,McClureE,2014_0914,,Unk,140922_M00704_0023_000000000-AAN0E,16Sv4,287,519F/806R
NegEMbeatAL090414a-276,NegEMbeatAL090414a,NegControl,G,none,NA,,,,NA,LinA,Reagents,ReagEM2014,2014_0904,McClureE,Reagents,NA,NA,NA,NA,NA,NA,NA,Controls,Reagents,EMbeat ,,2014_0904,LinA,0.05,Phusion,271607,McClureE,2016_1222,QIAxcel,0,161223_M03075_0094_000000000-ARN4N,16Sv4,287,519F/806R
NegEMbeatAL090414b-277,NegEMbeatAL090414b,NegControl,G,none,NA,,,,NA,LinA,Reagents,ReagEM2014,2014_0904,McClureE,Reagents,NA,NA,NA,NA,NA,NA,NA,Controls,Reagents,EMbeat ,,2014_0904,LinA,0.05,Phusion,271607,McClureE,2016_1222,QIAxcel,0,161223_M03075_0094_000000000-ARN4N,16Sv4,287,519F/806R
NegEMbeatAL090414c-278,NegEMbeatAL090414c,NegControl,G,none,NA,,,,NA,LinA,Reagents,ReagEM2014,2014_0904,McClureE,Reagents,NA,NA,NA,NA,NA,NA,NA,Controls,Reagents,EMbeat ,,2014_0904,LinA,0.05,Phusion,271607,McClureE,2016_1222,QIAxcel,0,161223_M03075_0094_000000000-ARN4N,16Sv4,287,519F/806R
NegEMbeatEM041019D464,NegEMbeatEM041019,NegControl,G,none,NA,,,,NA,McClureE,Reagents,ReagEM2019,2019_0410,McClureE,Reagents,NA,NA,NA,NA,NA,NA,NA,Controls,Reagents,EMbeat ,041019EM041019,2019_0410,McClureE,0,,,McClureE,2019_0502,QIAxcel,0,190506_M03075_0299_000000000-BYC2C,16Sv4,287,519F/806R
NegEMbeatEM041519D1115,NegEMbeatEM041519D1115,NegControl,G,none,NA,,,,NA,McClureE,Reagents,ReagEM2019,2019_0415,McClureE,Reagents,NA,NA,NA,NA,NA,NA,NA,Controls,Reagents,EMbeat ,041019EM041019,2019_0415,McClureE,0,,,McClureE,2019_0502,QIAxcel,0,190506_M03075_0299_000000000-BYC2C,16Sv4,287,519F/806R
NegEMbeatEM041918D700,NegEMbeatEM041918,NegControl,G,none,NA,,,NA,NA,McClureE,Reagents,ReagEM2018,2018_0419,McClureE,Reagents,NA,NA,NA,NA,NA,NA,NA,Controls,Reagents,EMbeat ,121214EM102617,2018_0419,McClureE,0,Phusion,321712,McClureE,2018_0426,QIAxcel,0,180522_M01676_0066_000000000-BNTKJ,16Sv4,287,
NegEMbeatEM042518D715,NegEMbeatEM042518,NegControl,G,none,NA,,,NA,NA,McClureE,Reagents,ReagEM2018,2018_0425,McClureE,Reagents,NA,NA,NA,NA,NA,NA,NA,Controls,Reagents,EMbeat ,042518EM042518,2018_0425,McClureE,0,Phusion,321712,McClureE,2018_0426,QIAxcel,0,180522_M01676_0066_000000000-BNTKJ,16Sv4,287,
NegEMbeatEM101618950,NegEMbeatEM101618,NegControl,G,none,NA,,,,NA,McClureE,Reagents,ReagEM2018,2018_1016,McClureE,Reagents,NA,NA,NA,NA,NA,NA,NA,Controls,Reagents,EMbeat ,101618EM101618,2018_1016,McClureE,0,Phusion,10010076,McClureE,2018_1105,QIAxcel,1.69,181109_M03075_0240_000000000-C2NFM,16Sv4,287,519F/806R
NegEMbeatEM101718936,NegEMbeatEM101718,NegControl,G,none,NA,,,,NA,McClureE,Reagents,ReagEM2018,2018_1016,McClureE,Reagents,NA,NA,NA,NA,NA,NA,NA,Controls,Reagents,EMbeat ,101618EM101618,2018_1017,McClureE,0,Phusion,10010076,McClureE,2018_1105,QIAxcel,4.13,181109_M03075_0240_000000000-C2NFM,16Sv4,287,519F/806R
NegPCREM020118-531,NegPCREM020118,NegControl,G,none,NA,,,NegPCREM020118,UConn ,McClureE,Reagents,NegPCRem2018,2018_0201,McClureE,PCRneg,NA,none,NA,NA,NA,NA,NA,Controls,Reagents,,,NA,NA,NA,Phusion,311709,McClureE,2018_0227,QIAxcel,0,180203_M03075_0181_000000000-BFFBD,16Sv4,287,519F/806R
NegPCREM042618716,NegPCREM042618,NegControl,G,none,NA,,,NA,NA,McClureE,Reagents,NegPCRem2018,2018_0426,McClureE,PCRneg,NA,NA,NA,NA,NA,NA,NA,Controls,Reagents,none,none,NA,NA,NA,Phusion,321712,McClureE,2018_0426,QIAxcel,0,180522_M01676_0066_000000000-BNTKJ,16Sv4,287,
NegPCREM050218815,,NegControl,G,none,NA,,,NA,NA,McClureE,Reagents,NegPCRem2018,2018_0502,McClureE,PCRneg,NA,NA,NA,NA,NA,NA,NA,Controls,Reagents,,,,,,Phusion,,McClureE,2018_0426,QIAxcel,0,180522_M01676_0066_000000000-BNTKJ,16Sv4,287,
NegPCREM110817-539,NegPCREM110817,NegControl,G,none,NA,,,NA,NA,McClureE,Reagents,NegPCRem2017,2017_1108,McClureE,PCRneg,NA,NA,NA,NA,NA,NA,NA,Controls,Reagents,none,,NA,NA,NA,Phusion,291704,McClureE,2017_1108,QIAxcel,0,171110_M03075_0167_000000000-B6GCW,16Sv4,287,519F/806R
NegReagEM081617-D579,NegReagEM081617-D579,NegControl,G,none,NA,,,NA,UConn ,McClureE,Reagents,ReagEM2017,2017_0816,McClureE,Reagents,NA,NA,NA,NA,NA,NA,NA,Controls,Reagents,EMbeat ,,2017_0816,McClureE,0,Phusion,291704,McClureE,2017_1108,QIAxcel,0,171110_M03075_0167_000000000-B6GCW,16Sv4,287,519F/806R
SAa1dF100913EMb-iD44,SAa1dF100913EMb,Sample,A,Hverbana,USA042613F,,2013,SAa1dF100913EMb,USA,McClureE,Animal,StarveAdult2013_1009,2013_1009,McClureE,ILF,4/26/13,8/13/10,166,1,sBlood,S-M4384,S-N3095,NIH_Leech_Microbiome,StarveAdult,EMbeat ,061313JB092913,2013_1014,McClureE,3.98,Phusion,151309,McClureE,2014_0412,,Unk,140428_M00704_0080_000000000-A6E26,16Sv4,287,519F/806R
SAa1dF100913EMcID142,SAa1dF100913EMc,Sample,A,Hverbana,USA042613F,,2013,SAa1dF100913EMc,USA,McClureE,Animal,StarveAdult2013_1009,2013_1009,McClureE,ILF,4/26/13,8/13/10,166,1,sBlood,S-M4384,S-N3095,NIH_Leech_Microbiome,StarveAdult,EMbeat ,061313JB092913,2013_1014,McClureE,2.88,Phusion,,McClureE,,,Unk,140113_M00704_0074_000000000-A62D4,16Sv4,287,519F/806R
SAa2dF101013EMbID143,SAa2dF101013EMb,Sample,A,Hverbana,USA042613F,,2013,SAa2dF101013EMb,USA,McClureE,Animal,StarveAdult2013_1010,2013_1010,McClureE,ILF,4/26/13,8/13/10,167,2,sBlood,S-M4384,S-N3095,NIH_Leech_Microbiome,StarveAdult,EMbeat ,061313JB092913,2013_1014,McClureE,3.34,Phusion,,McClureE,,,35.8,140113_M00704_0074_000000000-A62D4,16Sv4,287,519F/806R
SAa2dF101013EMcID65,SAa2dF101013EMc,Sample,A,Hverbana,USA042613F,,2013,SAa2dF101013EMc,USA,McClureE,Animal,StarveAdult2013_1010,2013_1010,McClureE,ILF,4/26/13,8/13/10,167,2,sBlood,S-M4384,S-N3095,NIH_Leech_Microbiome,StarveAdult,EMbeat ,061313JB092913,2013_1014,McClureE,5.8,Phusion,151309,McClureE,2013_1017,Gel,Unk,140113_M00704_0074_000000000-A62D4,16Sv4,287,519F/806R
SAa4dF101213EMaID103,SAa4dF101213EMa,Sample,A,Hverbana,USA042613F,,2013,SAa4dF101213EMa,USA,McClureE,Animal,StarveAdult2013_1012,2013_1012,McClureE,ILF,4/26/13,8/13/10,169,4,sBlood,S-M4384,S-N3095,NIH_Leech_Microbiome,StarveAdult,EMbeat ,061313JB092913,2013_1014,McClureE,6,Phusion,151309,McClureE,2013_1017,Gel,Unk,140113_M00704_0074_000000000-A62D4,16Sv4,287,519F/806R
SAa4dF101213EMbID18,SAa4dF101213EMb,Sample,A,Hverbana,USA042613F,,2013,SAa4dF101213EMb,USA,McClureE,Animal,StarveAdult2013_1012,2013_1012,McClureE,ILF,4/26/13,8/13/10,169,4,sBlood,S-M4384,S-N3095,NIH_Leech_Microbiome,StarveAdult,EMbeat ,061313JB092913,2013_1014,McClureE,9.6,Phusion,,McClureE,,,Unk,140113_M00704_0074_000000000-A62D4,16Sv4,287,519F/806R
SAa4dF101213EMcID20,SAa4dF101213EMc,Sample,A,Hverbana,USA042613F,,2013,SAa4dF101213EMc,USA,McClureE,Animal,StarveAdult2013_1012,2013_1012,McClureE,ILF,4/26/13,8/13/10,169,4,sBlood,S-M4384,S-N3095,NIH_Leech_Microbiome,StarveAdult,EMbeat ,061313JB092913,2013_1014,McClureE,5.4,Phusion,,McClureE,,,Unk,140113_M00704_0074_000000000-A62D4,16Sv4,287,519F/806R
UAa2dF110314EMaID72,UAa2dF110314EMa,Sample,A,Hverbana,USA092513F,,2013,UAa2dF110314EMa,USA,McClureE,Animal,USAadult2014_1103,2014_1103,McClureE,ILF,1/14/11,none,2,none,sBlood,14K20708,none,NIH_Leech_Microbiome,USAadult,EMbeat ,041514EM092514,2014_1106,LinA,5.51,Phusion,181405,McClureE,2015_0410,QIAxcel,1.62,150417_M00704_0034_000000000-AELUC,16Sv4,287,519F/806R
UAa2dF110314EMbID73,UAa2dF110314EMb,Sample,A,Hverbana,USA092513F,,2013,UAa2dF110314EMb,USA,McClureE,Animal,USAadult2014_1103,2014_1103,McClureE,ILF,1/14/11,none,2,none,sBlood,14K20708,none,NIH_Leech_Microbiome,USAadult,EMbeat ,081914EM110614,2014_1118,LinA,26.5,Phusion,181405,McClureE,2015_0410,QIAxcel,2.16,150417_M00704_0034_000000000-AELUC,16Sv4,287,519F/806R
UAa2dF110314EMcID74,UAa2dF110314EMc,Sample,A,Hverbana,USA092513F,,2013,UAa2dF110314EMc,USA,McClureE,Animal,USAadult2014_1103,2014_1103,McClureE,ILF,1/14/11,none,2,none,sBlood,14K20708,none,NIH_Leech_Microbiome,USAadult,EMbeat ,081914EM110614,2014_1118,LinA,22.3,Phusion,181405,McClureE,2015_0410,QIAxcel,2.2,150417_M00704_0034_000000000-AELUC,16Sv4,287,519F/806R
UAa4dF110514EMbID75,UAa4dF110514EMb,Sample,A,Hverbana,USA092513F,,2013,UAa4dF110514EMb,USA,McClureE,Animal,USAadult2014_1105,2014_1105,McClureE,ILF,1/14/11,none,4,none,sBlood,14K20708,none,NIH_Leech_Microbiome,USAadult,EMbeat ,081914EM110614,2014_1111,LinA,11.2,Phusion,181405,McClureE,2015_0410,QIAxcel,2.7,150417_M00704_0034_000000000-AELUC,16Sv4,287,519F/806R
FAa2d2F022115EMaID32,FAa2d2F022115EMa,Sample,A,Hverbana,USA092513F,,2013,FAa2d2F022115EMa,USA,McClureE,Animal,USAadult2015_0221,2015_0221,McClureE,ILF,7/14/12,2/19/15,76,2,sBlood,14M52153,15B52350,NIH_Leech_Microbiome,USAadult,EMbeat ,121214EM020415,2015_0223,LinA,1.38,Phusion,181405,McClureE,2015_0410,QIAxcel,2.79,150417_M00704_0034_000000000-AELUC,16Sv4,287,519F/806R
FAa2d2F022115EMbID53,FAa2d2F022115EMb,Sample,A,Hverbana,USA092513F,,2013,FAa2d2F022115EMb,USA,McClureE,Animal,USAadult2015_0221,2015_0221,McClureE,ILF,7/14/12,2/19/15,76,2,sBlood,14M52153,15B52350,NIH_Leech_Microbiome,USAadult,EMbeat ,121214EM020415,2015_0223,LinA,1.14,Phusion,181405,McClureE,2015_0417,QIAxcel,2.05,150505_M00704_0036_000000000-AF8HF,16Sv4,287,519F/806R
FAa2d2F022115EMcID75,FAa2d2F022115EMc,Sample,A,Hverbana,USA092513F,,2013,FAa2d2F022115EMc,USA,McClureE,Animal,USAadult2015_0221,2015_0221,McClureE,ILF,7/14/12,2/19/15,76,2,sBlood,14M52153,15B52350,NIH_Leech_Microbiome,USAadult,EMbeat ,121214EM020415,2015_0223,LinA,0.755,Phusion,181405,McClureE,2015_0417,QIAxcel,3.44,150505_M00704_0036_000000000-AF8HF,16Sv4,287,519F/806R
FAa7d2F022715EMaID28,FAa7d2F022715EMa,Sample,A,Hverbana,USA092513F,,2013,FAa7d2F022715EMa,USA,McClureE,Animal,USAadult2015_0227,2015_0227,McClureE,ILF,7/14/12,2/19/15,82,8,sBlood,14M52153,15B52350,NIH_Leech_Microbiome,USAadult,EMbeat ,121214EM032715,2015_0408,LinA,23.4,Phusion,181405,McClureE,2015_0410,QIAxcel,2.75,150417_M00704_0034_000000000-AELUC,16Sv4,287,519F/806R
FAa7d2F022715EMbID29,FAa7d2F022715EMb,Sample,A,Hverbana,USA092513F,,2013,FAa7d2F022715EMb,USA,McClureE,Animal,USAadult2015_0227,2015_0227,McClureE,ILF,7/14/12,2/19/15,82,8,sBlood,14M52153,15B52350,NIH_Leech_Microbiome,USAadult,EMbeat ,121214EM032715,2015_0403,LinA,6.14,Phusion,181405,McClureE,2015_0410,QIAxcel,1,150417_M00704_0034_000000000-AELUC,16Sv4,287,519F/806R
UAa2d2F022115EMaID43,UAa2d2F022115EMa,Sample,A,Hverbana,USA092513F,,2013,UAa2d2F022115EMa,USA,McClureE,Animal,USAadult2015_0221,2015_0221,McClureE,ILF,1/14/11,2/19/15,112,2,sBlood,14K20708,15B52350,NIH_Leech_Microbiome,USAadult,EMbeat ,121214EM020415,2015_0223,LinA,1.36,Phusion,181405,McClureE,2015_0417,QIAxcel,2.7,150505_M00704_0036_000000000-AF8HF,16Sv4,287,519F/806R
UAa2d2F022115EMcID51,UAa2d2F022115EMc,Sample,A,Hverbana,USA092513F,,2013,UAa2d2F022115EMc,USA,McClureE,Animal,USAadult2015_0221,2015_0221,McClureE,ILF,1/14/11,2/19/15,112,2,sBlood,14K20708,15B52350,NIH_Leech_Microbiome,USAadult,EMbeat ,121214EM020415,2015_0225,LinA,1.15,Phusion,181405,McClureE,2015_0417,QIAxcel,1.69,150505_M00704_0036_000000000-AF8HF,16Sv4,287,519F/806R
UAa7d2F022715EMaID76,UAa7d2F022715EMa,Sample,A,Hverbana,USA092513F,,2013,UAa7d2F022715EMa,USA,McClureE,Animal,USAadult2015_0227,2015_0227,McClureE,ILF,1/14/11,2/19/15,118,8,sBlood,14K20708,15B52350,NIH_Leech_Microbiome,USAadult,EMbeat ,121214EM032715,2015_0403,LinA,37.9,Phusion,181405,McClureE,2015_0410,QIAxcel,2.19,150417_M00704_0034_000000000-AELUC,16Sv4,287,519F/806R
UAa7d2F022715EMbID77,UAa7d2F022715EMb,Sample,A,Hverbana,USA092513F,,2013,UAa7d2F022715EMb,USA,McClureE,Animal,USAadult2015_0227,2015_0227,McClureE,ILF,1/14/11,2/19/15,118,8,sBlood,14K20708,15B52350,NIH_Leech_Microbiome,USAadult,EMbeat ,121214EM032715,2015_0401,LinA,24.3,Phusion,181405,McClureE,2015_0410,QIAxcel,1.79,150417_M00704_0034_000000000-AELUC,16Sv4,287,519F/806R
UAa7d2F022715EMcID78,UAa7d2F022715EMc,Sample,A,Hverbana,USA092513F,,2013,UAa7d2F022715EMc,USA,McClureE,Animal,USAadult2015_0227,2015_0227,McClureE,ILF,1/14/11,2/19/15,118,8,sBlood,14K20708,15B52350,NIH_Leech_Microbiome,USAadult,EMbeat ,121214EM032715,2015_0401,LinA,48.1,Phusion,181405,McClureE,2015_0410,QIAxcel,3.42,150417_M00704_0034_000000000-AELUC,16Sv4,287,519F/806R
UAa0d2F031115EMaID69,UAa0d2F031115EMa,Sample,A,Hverbana,USA092513F,,2013,UAa0d2F031115EMa,USA,McClureE,Animal,USAadult2015_0311,2015_0311,McClureE,ILF,1/14/11,2/19/15,130,0,sBlood,14K20708,15B52350,NIH_Leech_Microbiome,USAadult,EMbeat ,121214EM032715,2015_0403,LinA,18,Phusion,181405,McClureE,2015_0410,QIAxcel,3.84,150417_M00704_0034_000000000-AELUC,16Sv4,287,519F/806R
UAa0d2F031115EMbID70,UAa0d2F031115EMb,Sample,A,Hverbana,USA092513F,,2013,UAa0d2F031115EMb,USA,McClureE,Animal,USAadult2015_0311,2015_0311,McClureE,ILF,1/14/11,2/19/15,130,0,sBlood,14K20708,15B52350,NIH_Leech_Microbiome,USAadult,EMbeat ,121214EM032715,2015_0403,LinA,4.64,Phusion,181405,McClureE,2015_0410,QIAxcel,2.28,150417_M00704_0034_000000000-AELUC,16Sv4,287,519F/806R
UAa0d2F031115EMcID71,UAa0d2F031115EMc,Sample,A,Hverbana,USA092513F,,2013,UAa0d2F031115EMc,USA,McClureE,Animal,USAadult2015_0311,2015_0311,McClureE,ILF,1/14/11,2/19/15,130,0,sBlood,14K20708,15B52350,NIH_Leech_Microbiome,USAadult,EMbeat ,121214EM032715,2015_0403,LinA,24.7,Phusion,181405,McClureE,2015_0410,QIAxcel,2.38,150417_M00704_0034_000000000-AELUC,16Sv4,287,519F/806R
FAa1dF100913EMaID105,FAa1dF100913EMa,Sample,A,Hverbana,USA042613F,,2013,FAa1dF100913EMa,USA,McClureE,Animal,USAadult2013_1009,2013_1009,McClureE,ILF,4/26/13,8/13/10,166,1,sBlood,S-M4384,S-N3095,NIH_Leech_Microbiome,USAadult,EMbeat ,061313JB092913,2013_1014,McClureE,3.68,Phusion,,McClureE,,,111,140113_M00704_0074_000000000-A62D4,16Sv4,287,519F/806R
FAa1dF100913EMbID106,FAa1dF100913EMb,Sample,A,Hverbana,USA042613F,,2013,FAa1dF100913EMb,USA,McClureE,Animal,USAadult2013_1009,2013_1009,McClureE,ILF,4/26/13,8/13/10,166,1,sBlood,S-M4384,S-N3095,NIH_Leech_Microbiome,USAadult,EMbeat ,061313JB092913,2013_1014,McClureE,10.3,Phusion,,McClureE,,,58,140113_M00704_0074_000000000-A62D4,16Sv4,287,519F/806R
FAa1dF100913EMcID41,FAa1dF100913EMc,Sample,A,Hverbana,USA042613F,,2013,FAa1dF100913EMc,USA,McClureE,Animal,USAadult2013_1009,2013_1009,McClureE,ILF,4/26/13,8/13/10,166,1,sBlood,S-M4384,S-N3095,NIH_Leech_Microbiome,USAadult,EMbeat ,061313JB092913,2013_1014,McClureE,6.6,Phusion,151309,McClureE,2013_1017,Gel,Unk,140113_M00704_0074_000000000-A62D4,16Sv4,287,519F/806R
FAa2dF101013EMaID53,FAa2dF101013EMa,Sample,A,Hverbana,USA042613F,,2013,FAa2dF101013EMa,USA,McClureE,Animal,USAadult2013_1010,2013_1010,McClureE,ILF,4/26/13,8/13/10,167,2,sBlood,S-M4384,S-N3095,NIH_Leech_Microbiome,USAadult,EMbeat ,061313JB092913,2013_1014,McClureE,2.55,Phusion,151309,McClureE,2013_1017,Gel,Unk,140113_M00704_0074_000000000-A62D4,16Sv4,287,519F/806R
FAa2dF101013EMbID54,FAa2dF101013EMb,Sample,A,Hverbana,USA042613F,,2013,FAa2dF101013EMb,USA,McClureE,Animal,USAadult2013_1010,2013_1010,McClureE,ILF,4/26/13,8/13/10,167,2,sBlood,S-M4384,S-N3095,NIH_Leech_Microbiome,USAadult,EMbeat ,061313JB092913,2013_1014,McClureE,4.24,Phusion,151309,McClureE,2013_1017,Gel,Unk,140113_M00704_0074_000000000-A62D4,16Sv4,287,519F/806R
FAa2dF101013EMcID55,FAa2dF101013EMc,Sample,A,Hverbana,USA042613F,,2013,FAa2dF101013EMc,USA,McClureE,Animal,USAadult2013_1010,2013_1010,McClureE,ILF,4/26/13,8/13/10,167,2,sBlood,S-M4384,S-N3095,NIH_Leech_Microbiome,USAadult,EMbeat ,061313JB092913,2013_1014,McClureE,6.44,Phusion,151309,McClureE,2013_1017,Gel,Unk,140113_M00704_0074_000000000-A62D4,16Sv4,287,519F/806R
FAa4dF101213EMbID78,FAa4dF101213EMb,Sample,A,Hverbana,USA042613F,,2013,FAa4dF101213EMb,USA,McClureE,Animal,USAadult2013_1012,2013_1012,McClureE,ILF,4/26/13,8/13/10,169,4,sBlood,S-M4384,S-N3095,NIH_Leech_Microbiome,USAadult,EMbeat ,061313JB092913,2013_1011,McClureE,4.44,Phusion,151309,McClureE,2013_1017,Gel,Unk,140113_M00704_0074_000000000-A62D4,16Sv4,287,519F/806R
FAa4dF101213EMcID80,FAa4dF101213EMc,Sample,A,Hverbana,USA042613F,,2013,FAa4dF101213EMc,USA,McClureE,Animal,USAadult2013_1012,2013_1012,McClureE,ILF,4/26/13,8/13/10,169,4,sBlood,S-M4384,S-N3095,NIH_Leech_Microbiome,USAadult,EMbeat ,061313JB092913,2013_1011,McClureE,5.64,Phusion,151309,McClureE,2013_1017,Gel,Unk,140113_M00704_0074_000000000-A62D4,16Sv4,287,519F/806R
Ua0dF091814EMaID31,Ua0dF091814EMa,Sample,A,Hverbana,USA092513F,,2013,Ua0dF091814EMa,USA,McClureE,Animal,USAcontrol2014_0918,2014_0918,McClureE,ILF,none,none,0,none,sBlood,14J52249,none,NIH_Leech_Microbiome,USAcontrol,EMbeat ,041514EM092514,2014_1007,LinA,2.13,Phusion,211412,McClureE,,QIAxcel,4.45,150505_M00704_0036_000000000-AF8HF,16Sv4,287,519F/806R
Ua0dF091814EMcID33,Ua0dF091814EMc,Sample,A,Hverbana,USA092513F,,2013,Ua0dF091814EMc,USA,McClureE,Animal,USAcontrol2014_0918,2014_0918,McClureE,ILF,none,none,0,none,sBlood,14J52249,none,NIH_Leech_Microbiome,USAcontrol,EMbeat ,041514EM092514,2014_1009,LinA,1.97,Phusion,181405,McClureE,2015_0417,QIAxcel,1.2,150505_M00704_0036_000000000-AF8HF,16Sv4,287,519F/806R
Ua0dF110614EMaID59,Ua0dF110614EMa,Sample,A,Hverbana,USA092513F,,2013,Ua0dF110614EMa,USA,McClureE,Animal,USAcontrol2014_1106,2014_1106,McClureE,ILF,6/14/11,none,0,none,sBlood,14L52084,none,NIH_Leech_Microbiome,USAcontrol,EMbeat ,121214EM020415,2015_0330,LinA,15.7,Phusion,181405,McClureE,2015_0410,QIAxcel,2.58,150417_M00704_0034_000000000-AELUC,16Sv4,287,519F/806R
Ua0dF110614EMbID60,Ua0dF110614EMb,Sample,A,Hverbana,USA092513F,,2013,Ua0dF110614EMb,USA,McClureE,Animal,USAcontrol2014_1106,2014_1106,McClureE,ILF,6/14/11,none,0,none,sBlood,14L52084,none,NIH_Leech_Microbiome,USAcontrol,EMbeat ,121214EM020415,2015_0330,LinA,29.4,Phusion,181405,McClureE,2015_0410,QIAxcel,2.39,150417_M00704_0034_000000000-AELUC,16Sv4,287,519F/806R
Ua0dF110614EMcID66,Ua0dF110614EMc,Sample,A,Hverbana,USA092513F,,2013,Ua0dF110614EMc,USA,McClureE,Animal,USAcontrol2014_1106,2014_1106,McClureE,ILF,6/14/11,none,0,none,sBlood,14L52084,none,NIH_Leech_Microbiome,USAcontrol,EMbeat ,121214EM032715,2015_0330,LinA,0.829,Phusion,181405,McClureE,2015_0417,QIAxcel,3.11,150505_M00704_0036_000000000-AF8HF,16Sv4,287,519F/806R
Ua2dF110814EMaID63,Ua2dF110814EMa,Sample,A,Hverbana,USA092513F,,2013,Ua2dF110814EMa,USA,McClureE,Animal,USAcontrol2014_1108,2014_1108,McClureE,ILF,6/14/11,none,2,none,sBlood,14L52084,none,NIH_Leech_Microbiome,USAcontrol,EMbeat ,121214EM032715,2015_0401,LinA,4.19,Phusion,181405,McClureE,2015_0410,QIAxcel,1.62,150417_M00704_0034_000000000-AELUC,16Sv4,287,519F/806R
Ua2dF110814EMbID64,Ua2dF110814EMb,Sample,A,Hverbana,USA092513F,,2013,Ua2dF110814EMb,USA,McClureE,Animal,USAcontrol2014_1108,2014_1108,McClureE,ILF,6/14/11,none,2,none,sBlood,14L52084,none,NIH_Leech_Microbiome,USAcontrol,EMbeat ,121214EM032715,2015_0403,LinA,24.2,Phusion,181405,McClureE,2015_0410,QIAxcel,2.48,150417_M00704_0034_000000000-AELUC,16Sv4,287,519F/806R
Ua2dF110814EMcID65,Ua2dF110814EMc,Sample,A,Hverbana,USA092513F,,2013,Ua2dF110814EMc,USA,McClureE,Animal,USAcontrol2014_1108,2014_1108,McClureE,ILF,6/14/11,none,2,none,sBlood,14L52084,none,NIH_Leech_Microbiome,USAcontrol,EMbeat ,121214EM032715,2015_0408,LinA,10.1,Phusion,181405,McClureE,2015_0410,QIAxcel,1.57,150417_M00704_0034_000000000-AELUC,16Sv4,287,519F/806R
Ua4dF111014EMaID66,Ua4dF111014EMa,Sample,A,Hverbana,USA092513F,,2013,Ua4dF111014EMa,USA,McClureE,Animal,USAcontrol2014_1110,2014_1110,McClureE,ILF,6/14/11,none,4,none,sBlood,14L52084,none,NIH_Leech_Microbiome,USAcontrol,EMbeat ,121214EM032715,2015_0330,LinA,16,Phusion,181405,McClureE,2015_0410,QIAxcel,0.62,150417_M00704_0034_000000000-AELUC,16Sv4,287,519F/806R
Ua4dF111014EMbID67,Ua4dF111014EMb,Sample,A,Hverbana,USA092513F,,2013,Ua4dF111014EMb,USA,McClureE,Animal,USAcontrol2014_1110,2014_1110,McClureE,ILF,6/14/11,none,4,none,sBlood,14L52084,none,NIH_Leech_Microbiome,USAcontrol,EMbeat ,121214EM032715,2015_0330,LinA,16.4,Phusion,181405,McClureE,2015_0410,QIAxcel,0.67,150417_M00704_0034_000000000-AELUC,16Sv4,287,519F/806R
Ua4dF111014EMcID23,Ua4dF111014EMc,Sample,A,Hverbana,USA092513F,,2013,Ua4dF111014EMc,USA,McClureE,Animal,USAcontrol2014_1110,2014_1110,McClureE,ILF,6/14/11,none,4,none,sBlood,14L52084,none,NIH_Leech_Microbiome,USAcontrol,EMbeat ,121214EM032715,2015_0413,LinA,2.68,Phusion,181405,McClureE,2015_0417,QIAxcel,3.02,150505_M00704_0036_000000000-AF8HF,16Sv4,287,519F/806R
Ua7dF111314EMbID20,Ua7dF111314EMb,Sample,A,Hverbana,USA092513F,,2013,Ua7dF111314EMb,USA,McClureE,Animal,USAcontrol2014_1113,2014_1113,McClureE,ILF,6/14/11,none,7,none,sBlood,14L52084,none,NIH_Leech_Microbiome,USAcontrol,EMbeat ,121214EM032715,2015_0413,LinA,3.69,Phusion,181405,McClureE,2015_0417,QIAxcel,0.55,150505_M00704_0036_000000000-AF8HF,16Sv4,287,519F/806R
Ua7dF111314EMcID149,Ua7dF111314EMc,Sample,A,Hverbana,USA092513F,,2013,Ua7dF111314EMc,USA,McClureE,Animal,USAcontrol2014_1113,2014_1113,McClureE,ILF,6/14/11,none,7,none,sBlood,14L52084,none,NIH_Leech_Microbiome,USAcontrol,EMbeat ,121214EM032715,2015_0413,LinA,19,Phusion,181405,McClureE,2015_0417,QIAxcel,2.23,150505_M00704_0036_000000000-AF8HF,16Sv4,287,519F/806R
Ua0d2F020415EMaID25,Ua0d2F020415EMa,Sample,A,Hverbana,USA092513F,,2013,Ua0d2F020415EMa,USA,McClureE,Animal,USAcontrol2015_0204,2015_0204,McClureE,ILF,6/14/11,4/15/02,90,0,sBlood,14L52084,15B52072,NIH_Leech_Microbiome,USAcontrol,EMbeat ,121214EM020415,2015_0225,LinA,2.53,Phusion,181405,McClureE,2015_0417,QIAxcel,1.54,150505_M00704_0036_000000000-AF8HF,16Sv4,287,519F/806R
Ua0d2F020415EMbID57,Ua0d2F020415EMb,Sample,A,Hverbana,USA092513F,,2013,Ua0d2F020415EMb,USA,McClureE,Animal,USAcontrol2015_0204,2015_0204,McClureE,ILF,6/14/11,4/15/02,90,0,sBlood,14L52084,15B52072,NIH_Leech_Microbiome,USAcontrol,EMbeat ,121214EM020415,2015_0227,LinA,60,Phusion,181405,McClureE,2015_0410,QIAxcel,3.01,150417_M00704_0034_000000000-AELUC,16Sv4,287,519F/806R
Ua0d2F020415EMcID58,Ua0d2F020415EMc,Sample,A,Hverbana,USA092513F,,2013,Ua0d2F020415EMc,USA,McClureE,Animal,USAcontrol2015_0204,2015_0204,McClureE,ILF,6/14/11,4/15/02,90,0,sBlood,14L52084,15B52072,NIH_Leech_Microbiome,USAcontrol,EMbeat ,121214EM020415,2015_0227,LinA,57,Phusion,181405,McClureE,2015_0410,QIAxcel,3.6,150417_M00704_0034_000000000-AELUC,16Sv4,287,519F/806R
Ua2d2F020615EMaID61,Ua2d2F020615EMa,Sample,A,Hverbana,USA092513F,,2013,Ua2d2F020615EMa,USA,McClureE,Animal,USAcontrol2015_0206,2015_0206,McClureE,ILF,6/14/11,4/15/02,92,2,sBlood,14L52084,15B52072,NIH_Leech_Microbiome,USAcontrol,EMbeat ,121214EM020415,2015_0302,LinA,21.9,Phusion,181405,McClureE,2015_0410,QIAxcel,2.53,150417_M00704_0034_000000000-AELUC,16Sv4,287,519F/806R
Ua2d2F020615EMbID62,Ua2d2F020615EMb,Sample,A,Hverbana,USA092513F,,2013,Ua2d2F020615EMb,USA,McClureE,Animal,USAcontrol2015_0206,2015_0206,McClureE,ILF,6/14/11,4/15/02,92,2,sBlood,14L52084,15B52072,NIH_Leech_Microbiome,USAcontrol,EMbeat ,121214EM020415,2015_0227,LinA,16.6,Phusion,181405,McClureE,2015_0410,QIAxcel,1.76,150417_M00704_0034_000000000-AELUC,16Sv4,287,519F/806R
Ua2d2F020615EMcID95,Ua2d2F020615EMc,Sample,A,Hverbana,USA092513F,,2013,Ua2d2F020615EMc,USA,McClureE,Animal,USAcontrol2015_0206,2015_0206,McClureE,ILF,6/14/11,4/15/02,92,2,sBlood,14L52084,15B52072,NIH_Leech_Microbiome,USAcontrol,EMbeat ,121214EM020415,2015_0220,LinA,0.499,Phusion,181405,McClureE,2015_0417,QIAxcel,2.93,150505_M00704_0036_000000000-AF8HF,16Sv4,287,519F/806R
Ua7d2F021115EMaID67,Ua7d2F021115EMa,Sample,A,Hverbana,USA092513F,,2013,Ua7d2F021115EMa,USA,McClureE,Animal,USAcontrol2015_0211,2015_0211,McClureE,ILF,6/14/11,4/15/02,97,7,sBlood,14L52084,15B52072,NIH_Leech_Microbiome,USAcontrol,EMbeat ,121214EM020415,2015_0213,LinA,0.817,Phusion,181405,McClureE,2015_0417,QIAxcel,3.06,150505_M00704_0036_000000000-AF8HF,16Sv4,287,519F/806R
Ua7d2F021115EMbID68,Ua7d2F021115EMb,Sample,A,Hverbana,USA092513F,,2013,Ua7d2F021115EMb,USA,McClureE,Animal,USAcontrol2015_0211,2015_0211,McClureE,ILF,6/14/11,4/15/02,97,7,sBlood,14L52084,15B52072,NIH_Leech_Microbiome,USAcontrol,EMbeat ,121214EM020415,2015_0213,LinA,5.75,Phusion,181405,McClureE,2015_0410,QIAxcel,4.72,150417_M00704_0034_000000000-AELUC,16Sv4,287,519F/806R
Ua7d2F021115EMcID41,Ua7d2F021115EMc,Sample,A,Hverbana,USA092513F,,2013,Ua7d2F021115EMc,USA,McClureE,Animal,USAcontrol2015_0211,2015_0211,McClureE,ILF,6/14/11,4/15/02,97,7,sBlood,14L52084,15B52072,NIH_Leech_Microbiome,USAcontrol,EMbeat ,121214EM020415,2015_0213,LinA,1.52,Phusion,181405,McClureE,2015_0417,QIAxcel,2.02,150505_M00704_0036_000000000-AF8HF,16Sv4,287,519F/806R
FAa7dH092114EMaID27,FAa7dH092114EMa,Sample,A,Hverbana,USA092513F,,2013,FAa7dH092114EMa,USA,McClureE,Animal,USAhatch2014_0921,2014_0921,McClureE,ILF,9/14/14,none,7,none,sBlood,14J52249,none,NIH_Leech_Microbiome,USAhatch,EMbeat ,041514EM092514,2014_0925,LinA,2.41,Phusion,181405,McClureE,2015_0417,QIAxcel,2.76,150505_M00704_0036_000000000-AF8HF,16Sv4,287,519F/806R
FAa7dH092114EMbID71,FAa7dH092114EMb,Sample,A,Hverbana,USA092513F,,2013,FAa7dH092114EMb,USA,McClureE,Animal,USAhatch2014_0921,2014_0921,McClureE,ILF,9/14/14,none,7,none,sBlood,14J52249,none,NIH_Leech_Microbiome,USAhatch,EMbeat ,041514EM092514,2014_1007,LinA,0.807,Phusion,181405,McClureE,2015_0417,QIAxcel,0.93,150505_M00704_0036_000000000-AF8HF,16Sv4,287,519F/806R